=== Loading gpt-6-luna (quantization=4bit, llm_worker=thread) ===
=== Teacher: gpt-6-luna over its API, temperature 0, called from the async worker thread; usage -> /home/kristian/github/input_dt/DRL-MPC-Private-Playground/experiments/2026-09-24/scripts/../data/L_luna_dist_nojudge_noex_r2_rt.api.jsonl ===
=== Tree: /home/kristian/github/input_dt/DRL-MPC-Private-Playground/experiments/2026-09-24/scripts/../data/L_luna_dist_nojudge_noex_r2_rt.json -- 0 rule(s) carried in, 0 episode(s) of history ===
=== Experience table: /home/kristian/github/input_dt/DRL-MPC-Private-Playground/experiments/2026-09-24/scripts/../data/L_luna_dist_nojudge_noex_r2_rt.experience.json -- 0 situation-action pair(s) carried in ===

=== Episode 1/200 (seed 100) ===
  [experience] 2 replays in 18 s (recorded goal@164): REPLAN_ROUTE@25 needed (without it goal@350)
  tree: 12 ticks: 0 from the tree, 12 to the teacher (0% hit rate); rules +4 new, 8 reinforced, 0 refined, 0 replaced, 0 contradicted, 8 confirmation asks; outcomes 1 ok / 0 bad (0 unresolved, 0 orphaned), 0 retired

=== Episode 2/200 (seed 101) ===
  [experience] 3 replays in 15 s (recorded goal@353): REPLAN_ROUTE@25 unnecessary (without it goal@347), WAIT@145 harmful (without it goal@208)
  tree: 32 ticks: 27 from the tree, 5 to the teacher (84% hit rate); rules +1 new, 3 reinforced, 1 refined, 0 replaced, 0 contradicted, 4 confirmation asks; outcomes 1 ok / 0 bad (1 unresolved, 0 orphaned), 0 retired

=== Episode 3/200 (seed 102) ===
  [experience] 3 replays in 3 s (recorded human_requested@47): REPLAN_ROUTE@25 needed (without it human_requested@97), REQUEST_HUMAN@35 needed (without it human_requested@97)
  tree: 2 ticks: 0 from the tree, 2 to the teacher (0% hit rate); rules +1 new, 1 reinforced, 0 refined, 0 replaced, 0 contradicted, 1 confirmation asks; outcomes 1 ok / 0 bad (1 unresolved, 0 orphaned), 0 retired

=== Episode 4/200 (seed 103) ===
  [experience] 6 replays in 31 s (recorded goal@372): REPLAN_ROUTE@25 unnecessary (without it goal@374), WAIT@35 harmful (without it goal@172), WAIT@75 harmful (without it goal@191), WAIT@215 harmful (without it goal@331), WAIT@245 harmful (without it goal@356)
  tree: 34 ticks: 33 from the tree, 1 to the teacher (97% hit rate); rules +0 new, 1 reinforced, 0 refined, 0 replaced, 0 contradicted, 1 confirmation asks; outcomes 2 ok / 1 bad (2 unresolved, 0 orphaned), 0 retired

=== Episode 5/200 (seed 104) ===
  [experience] 4 replays in 8 s (recorded goal@244): WAIT@25 harmful (without it goal@162), WAIT@55 harmful (without it goal@191), WAIT@85 harmful (without it goal@217)
  tree: 22 ticks: 22 from the tree, 0 to the teacher (100% hit rate); rules +0 new, 0 reinforced, 0 refined, 0 replaced, 0 contradicted, 0 confirmation asks; outcomes 3 ok / 12 bad (0 unresolved, 0 orphaned), 0 retired

=== Episode 6/200 (seed 105) ===
  [experience] 6 replays in 21 s (recorded goal@246): REPLAN_ROUTE@25 needed (without it goal@300), WAIT@85 harmful (without it goal@152), WAIT@115 harmful (without it goal@177), WAIT@145 harmful (without it goal@201), WAIT@175 harmful (without it goal@226)
  tree: 22 ticks: 22 from the tree, 0 to the teacher (100% hit rate); rules +0 new, 0 reinforced, 0 refined, 0 replaced, 0 contradicted, 0 confirmation asks; outcomes 4 ok / 0 bad (1 unresolved, 0 orphaned), 0 retired

=== Episode 7/200 (seed 106) ===
  [experience] 3 replays in 5 s (recorded human_requested@43): REPLAN_ROUTE@25 needed (without it human_requested@137), REQUEST_HUMAN@35 needed (without it human_requested@97)
  tree: 2 ticks: 1 from the tree, 1 to the teacher (50% hit rate); rules +0 new, 1 reinforced, 0 refined, 0 replaced, 0 contradicted, 1 confirmation asks; outcomes 1 ok / 0 bad (1 unresolved, 0 orphaned), 0 retired

=== Episode 8/200 (seed 107) ===
  [experience] 3 replays in 21 s (recorded goal@142): REPLAN_ROUTE@25 needed (without it goal@350), WAIT@35 unnecessary (without it goal@137)
  tree: 12 ticks: 12 from the tree, 0 to the teacher (100% hit rate); rules +0 new, 0 reinforced, 0 refined, 0 replaced, 0 contradicted, 0 confirmation asks; outcomes 1 ok / 1 bad (0 unresolved, 0 orphaned), 0 retired

=== Episode 9/200 (seed 108) ===
  [experience] 2 replays in 22 s (recorded goal@138): REPLAN_ROUTE@25 needed (without it goal@388)
  tree: 12 ticks: 12 from the tree, 0 to the teacher (100% hit rate); rules +0 new, 0 reinforced, 0 refined, 0 replaced, 0 contradicted, 0 confirmation asks; outcomes 1 ok / 0 bad (0 unresolved, 0 orphaned), 0 retired

=== Episode 10/200 (seed 109) ===
  [experience] 7 replays in 40 s (recorded human_requested@267): WAIT@25 harmful (without it human_requested@197), WAIT@55 harmful (without it human_requested@197), WAIT@85 harmful (without it human_requested@177), WAIT@115 harmful (without it human_requested@177), WAIT@145 harmful (without it human_requested@207), WAIT@175 harmful (without it human_requested@237)
  tree: 25 ticks: 24 from the tree, 0 to the teacher (100% hit rate); rules +0 new, 0 reinforced, 0 refined, 0 replaced, 0 contradicted, 0 confirmation asks; outcomes 0 ok / 0 bad (8 unresolved, 0 orphaned), 0 retired

=== Episode 11/200 (seed 110) ===
  [experience] 2 replays in 17 s (recorded goal@175): REPLAN_ROUTE@25 needed (without it goal@353)
  tree: 15 ticks: 15 from the tree, 0 to the teacher (100% hit rate); rules +0 new, 0 reinforced, 0 refined, 0 replaced, 0 contradicted, 0 confirmation asks; outcomes 1 ok / 0 bad (0 unresolved, 0 orphaned), 0 retired

=== Episode 12/200 (seed 111) ===
  [experience] 7 replays in 22 s (recorded goal@429): WAIT@25 harmful (without it goal@244), WAIT@55 harmful (without it goal@261), WAIT@85 harmful (without it goal@237), WAIT@115 harmful (without it goal@270), WAIT@275 harmful (without it goal@320), WAIT@305 harmful (without it goal@347)
  tree: 41 ticks: 41 from the tree, 0 to the teacher (100% hit rate); rules +0 new, 0 reinforced, 0 refined, 0 replaced, 0 contradicted, 0 confirmation asks; outcomes 6 ok / 16 bad (2 unresolved, 0 orphaned), 0 retired

=== Episode 13/200 (seed 112) ===
  [experience] 7 replays in 60 s (recorded human_requested@277): WAIT@25 needed (without it watchdog@102), WAIT@55 needed (without it watchdog@117), WAIT@155 needed (without it watchdog@208), WAIT@185 needed (without it watchdog@215), WAIT@215 needed (without it watchdog@218), WAIT@245 needed (without it watchdog@286)
  tree: 26 ticks: 25 from the tree, 0 to the teacher (100% hit rate); rules +0 new, 0 reinforced, 0 refined, 0 replaced, 0 contradicted, 0 confirmation asks; outcomes 0 ok / 0 bad (6 unresolved, 0 orphaned), 0 retired

=== Episode 14/200 (seed 113) ===
  [experience] 7 replays in 61 s (recorded human_requested@307): WAIT@25 harmful (without it human_requested@157), WAIT@55 harmful (without it human_requested@157), WAIT@155 needed (without it watchdog@204), WAIT@185 needed (without it watchdog@212), WAIT@215 needed (without it watchdog@258), WAIT@245 needed (without it watchdog@290)
  tree: 29 ticks: 28 from the tree, 0 to the teacher (100% hit rate); rules +0 new, 0 reinforced, 0 refined, 0 replaced, 0 contradicted, 0 confirmation asks; outcomes 0 ok / 0 bad (7 unresolved, 0 orphaned), 0 retired

=== Episode 15/200 (seed 114) ===
  tree: 22 ticks: 22 from the tree, 0 to the teacher (100% hit rate); rules +0 new, 0 reinforced, 0 refined, 0 replaced, 0 contradicted, 0 confirmation asks; outcomes 0 ok / 22 bad (0 unresolved, 0 orphaned), 0 retired

=== Episode 16/200 (seed 115) ===
  [experience] 7 replays in 47 s (recorded timeout@500): REPLAN_ROUTE@25 harmful (without it goal@405), WAIT@105 harmful (without it goal@158), WAIT@385 harmful (without it goal@411), WAIT@415 harmful (without it goal@434), WAIT@445 harmful (without it goal@458), WAIT@475 harmful (without it goal@481)
  tree: 48 ticks: 48 from the tree, 0 to the teacher (100% hit rate); rules +0 new, 0 reinforced, 0 refined, 0 replaced, 0 contradicted, 0 confirmation asks; outcomes 1 ok / 6 bad (5 unresolved, 0 orphaned), 0 retired

=== Episode 17/200 (seed 116) ===
  [experience] 7 replays in 58 s (recorded human_requested@277): WAIT@25 needed (without it watchdog@86), WAIT@55 needed (without it watchdog@112), WAIT@155 needed (without it watchdog@204), WAIT@185 needed (without it watchdog@212), WAIT@215 needed (without it watchdog@255), WAIT@245 needed (without it watchdog@286)
  tree: 26 ticks: 25 from the tree, 0 to the teacher (100% hit rate); rules +0 new, 0 reinforced, 0 refined, 0 replaced, 0 contradicted, 0 confirmation asks; outcomes 0 ok / 0 bad (6 unresolved, 0 orphaned), 0 retired

=== Episode 18/200 (seed 117) ===
  [experience] 7 replays in 34 s (recorded goal@379): REPLAN_ROUTE@25 harmful (without it goal@325), WAIT@65 harmful (without it goal@301), WAIT@95 harmful (without it goal@326), WAIT@125 harmful (without it goal@326), WAIT@155 harmful (without it goal@325), WAIT@185 harmful (without it goal@331)
  tree: 36 ticks: 35 from the tree, 1 to the teacher (97% hit rate); rules +0 new, 1 reinforced, 0 refined, 0 replaced, 0 contradicted, 1 confirmation asks; outcomes 1 ok / 1 bad (5 unresolved, 0 orphaned), 0 retired

=== Episode 19/200 (seed 118) ===
  [experience] 5 replays in 18 s (recorded goal@227): REPLAN_ROUTE@25 needed (without it goal@339), WAIT@165 harmful (without it goal@179), WAIT@195 harmful (without it goal@203), WAIT@225 unnecessary (without it goal@227)
  tree: 21 ticks: 21 from the tree, 0 to the teacher (100% hit rate); rules +0 new, 0 reinforced, 0 refined, 0 replaced, 0 contradicted, 0 confirmation asks; outcomes 4 ok / 0 bad (0 unresolved, 0 orphaned), 0 retired

=== Episode 20/200 (seed 119) ===
  [experience] 5 replays in 16 s (recorded goal@235): REPLAN_ROUTE@25 needed (without it goal@329), WAIT@145 harmful (without it goal@162), WAIT@175 harmful (without it goal@187), WAIT@205 harmful (without it goal@211)
  tree: 21 ticks: 21 from the tree, 0 to the teacher (100% hit rate); rules +0 new, 0 reinforced, 0 refined, 0 replaced, 0 contradicted, 0 confirmation asks; outcomes 3 ok / 0 bad (1 unresolved, 0 orphaned), 0 retired

=== Episode 21/200 (seed 120) ===
  [experience] 7 replays in 27 s (recorded goal@368): WAIT@45 harmful (without it goal@192), WAIT@75 harmful (without it goal@217), WAIT@105 harmful (without it goal@245), WAIT@135 harmful (without it goal@276), WAIT@275 harmful (without it goal@298), WAIT@305 harmful (without it goal@321)
  tree: 35 ticks: 35 from the tree, 0 to the teacher (100% hit rate); rules +0 new, 0 reinforced, 0 refined, 0 replaced, 0 contradicted, 0 confirmation asks; outcomes 6 ok / 13 bad (2 unresolved, 0 orphaned), 0 retired

=== Episode 22/200 (seed 121) ===
  [experience] 3 replays in 19 s (recorded goal@490): REPLAN_ROUTE@25 needed (without it timeout@500), WAIT@95 harmful (without it goal@168)
  tree: 47 ticks: 47 from the tree, 0 to the teacher (100% hit rate); rules +0 new, 0 reinforced, 0 refined, 0 replaced, 0 contradicted, 0 confirmation asks; outcomes 1 ok / 0 bad (1 unresolved, 0 orphaned), 0 retired

=== Episode 23/200 (seed 122) ===
  [experience] 2 replays in 12 s (recorded goal@127): REPLAN_ROUTE@25 needed (without it goal@273)
  tree: 11 ticks: 11 from the tree, 0 to the teacher (100% hit rate); rules +0 new, 0 reinforced, 0 refined, 0 replaced, 0 contradicted, 0 confirmation asks; outcomes 1 ok / 0 bad (0 unresolved, 0 orphaned), 0 retired

=== Episode 24/200 (seed 123) ===
  [experience] 2 replays in 14 s (recorded goal@158): REPLAN_ROUTE@25 needed (without it goal@315)
  tree: 14 ticks: 14 from the tree, 0 to the teacher (100% hit rate); rules +0 new, 0 reinforced, 0 refined, 0 replaced, 0 contradicted, 0 confirmation asks; outcomes 1 ok / 0 bad (0 unresolved, 0 orphaned), 0 retired

=== Episode 25/200 (seed 124) ===
  [experience] 7 replays in 61 s (recorded human_requested@277): WAIT@25 harmful (without it human_requested@157), WAIT@55 harmful (without it human_requested@157), WAIT@155 needed (without it watchdog@207), WAIT@185 needed (without it watchdog@231), WAIT@215 needed (without it watchdog@256), WAIT@245 needed (without it watchdog@285)
  tree: 26 ticks: 25 from the tree, 0 to the teacher (100% hit rate); rules +0 new, 0 reinforced, 0 refined, 0 replaced, 0 contradicted, 0 confirmation asks; outcomes 0 ok / 0 bad (6 unresolved, 0 orphaned), 0 retired
  checkpoint: /home/kristian/github/input_dt/DRL-MPC-Private-Playground/experiments/2026-09-24/scripts/../data/L_luna_dist_nojudge_noex_r2_rt.ep0025.json

=== Episode 26/200 (seed 125) ===
  [experience] 5 replays in 19 s (recorded goal@337): REPLAN_ROUTE@25 unnecessary (without it goal@341), WAIT@65 harmful (without it goal@182), WAIT@95 needed (without it collision@134), WAIT@225 harmful (without it goal@325)
  tree: 32 ticks: 32 from the tree, 0 to the teacher (100% hit rate); rules +0 new, 0 reinforced, 0 refined, 0 replaced, 0 contradicted, 0 confirmation asks; outcomes 2 ok / 0 bad (2 unresolved, 0 orphaned), 0 retired

=== Episode 27/200 (seed 126) ===
  [experience] 2 replays in 14 s (recorded goal@140): REPLAN_ROUTE@25 needed (without it goal@213)
  tree: 12 ticks: 12 from the tree, 0 to the teacher (100% hit rate); rules +0 new, 0 reinforced, 0 refined, 0 replaced, 0 contradicted, 0 confirmation asks; outcomes 1 ok / 0 bad (0 unresolved, 0 orphaned), 0 retired

=== Episode 28/200 (seed 127) ===
  [experience] 4 replays in 15 s (recorded goal@186): REPLAN_ROUTE@25 needed (without it goal@275), WAIT@115 harmful (without it goal@145), WAIT@145 harmful (without it goal@170)
  tree: 16 ticks: 16 from the tree, 0 to the teacher (100% hit rate); rules +0 new, 0 reinforced, 0 refined, 0 replaced, 0 contradicted, 0 confirmation asks; outcomes 3 ok / 0 bad (0 unresolved, 0 orphaned), 0 retired

=== Episode 29/200 (seed 128) ===
  [experience] 3 replays in 24 s (recorded goal@178): WAIT@25 needed (without it watchdog@87), WAIT@55 needed (without it watchdog@114)
  tree: 16 ticks: 16 from the tree, 0 to the teacher (100% hit rate); rules +0 new, 0 reinforced, 0 refined, 0 replaced, 0 contradicted, 0 confirmation asks; outcomes 1 ok / 0 bad (1 unresolved, 0 orphaned), 0 retired

=== Episode 30/200 (seed 129) ===
  [experience] 3 replays in 22 s (recorded goal@161): WAIT@25 needed (without it watchdog@87), WAIT@55 unnecessary (without it goal@169)
  tree: 14 ticks: 14 from the tree, 0 to the teacher (100% hit rate); rules +0 new, 0 reinforced, 0 refined, 0 replaced, 0 contradicted, 0 confirmation asks; outcomes 1 ok / 0 bad (1 unresolved, 0 orphaned), 0 retired

=== Episode 31/200 (seed 130) ===
  [experience] 7 replays in 60 s (recorded human_requested@277): WAIT@25 harmful (without it human_requested@157), WAIT@55 harmful (without it human_requested@157), WAIT@85 harmful (without it human_requested@177), WAIT@115 needed (without it watchdog@173), WAIT@155 needed (without it watchdog@209), WAIT@185 needed (without it watchdog@235)
  tree: 26 ticks: 25 from the tree, 0 to the teacher (100% hit rate); rules +0 new, 0 reinforced, 0 refined, 0 replaced, 0 contradicted, 0 confirmation asks; outcomes 0 ok / 0 bad (8 unresolved, 0 orphaned), 0 retired

=== Episode 32/200 (seed 131) ===
  [experience] 3 replays in 8 s (recorded goal@189): REPLAN_ROUTE@25 needed (without it goal@241), WAIT@35 harmful (without it goal@165)
  tree: 17 ticks: 17 from the tree, 0 to the teacher (100% hit rate); rules +0 new, 0 reinforced, 0 refined, 0 replaced, 0 contradicted, 0 confirmation asks; outcomes 1 ok / 1 bad (0 unresolved, 0 orphaned), 0 retired

=== Episode 33/200 (seed 132) ===
  [experience] 7 replays in 21 s (recorded goal@300): REPLAN_ROUTE@25 needed (without it goal@394), WAIT@155 harmful (without it goal@182), WAIT@185 harmful (without it goal@207), WAIT@215 harmful (without it goal@232), WAIT@245 harmful (without it goal@257), WAIT@275 harmful (without it goal@281)
  tree: 28 ticks: 28 from the tree, 0 to the teacher (100% hit rate); rules +0 new, 0 reinforced, 0 refined, 0 replaced, 0 contradicted, 0 confirmation asks; outcomes 4 ok / 0 bad (2 unresolved, 0 orphaned), 0 retired

=== Episode 34/200 (seed 133) ===
  [experience] 7 replays in 56 s (recorded human_requested@277): WAIT@25 harmful (without it human_requested@187), WAIT@55 needed (without it watchdog@114), WAIT@155 needed (without it watchdog@214), WAIT@185 needed (without it watchdog@231), WAIT@215 needed (without it watchdog@263), WAIT@245 needed (without it watchdog@290)
  tree: 26 ticks: 25 from the tree, 0 to the teacher (100% hit rate); rules +0 new, 0 reinforced, 0 refined, 0 replaced, 0 contradicted, 0 confirmation asks; outcomes 0 ok / 0 bad (6 unresolved, 0 orphaned), 0 retired

=== Episode 35/200 (seed 134) ===
  [experience] 3 replays in 5 s (recorded human_requested@46): REPLAN_ROUTE@25 needed (without it human_requested@187), REQUEST_HUMAN@35 needed (without it human_requested@97)
  tree: 2 ticks: 1 from the tree, 1 to the teacher (50% hit rate); rules +1 new, 0 reinforced, 0 refined, 0 replaced, 0 contradicted, 0 confirmation asks; outcomes 1 ok / 0 bad (1 unresolved, 0 orphaned), 0 retired

=== Episode 36/200 (seed 135) ===
  [experience] 2 replays in 23 s (recorded goal@186): WAIT@35 needed (without it watchdog@94)
  tree: 16 ticks: 16 from the tree, 0 to the teacher (100% hit rate); rules +0 new, 0 reinforced, 0 refined, 0 replaced, 0 contradicted, 0 confirmation asks; outcomes 1 ok / 0 bad (0 unresolved, 0 orphaned), 0 retired

=== Episode 37/200 (seed 136) ===
  [experience] 4 replays in 28 s (recorded goal@237): WAIT@25 harmful (without it goal@206), WAIT@55 unnecessary (without it goal@227), WAIT@125 harmful (without it goal@202)
  tree: 22 ticks: 22 from the tree, 0 to the teacher (100% hit rate); rules +0 new, 0 reinforced, 0 refined, 0 replaced, 0 contradicted, 0 confirmation asks; outcomes 1 ok / 0 bad (2 unresolved, 0 orphaned), 0 retired

=== Episode 38/200 (seed 137) ===
  [experience] 7 replays in 18 s (recorded goal@337): REPLAN_ROUTE@25 unnecessary (without it goal@341), WAIT@55 harmful (without it goal@173), WAIT@85 harmful (without it goal@195), WAIT@115 harmful (without it goal@219), WAIT@185 harmful (without it goal@283), WAIT@235 unnecessary (without it goal@328)
  tree: 32 ticks: 32 from the tree, 0 to the teacher (100% hit rate); rules +0 new, 0 reinforced, 0 refined, 0 replaced, 0 contradicted, 0 confirmation asks; outcomes 3 ok / 0 bad (3 unresolved, 0 orphaned), 0 retired

=== Episode 39/200 (seed 138) ===
  [experience] 3 replays in 12 s (recorded goal@424): REPLAN_ROUTE@25 harmful (without it goal@334), WAIT@125 harmful (without it goal@184)
  tree: 40 ticks: 40 from the tree, 0 to the teacher (100% hit rate); rules +0 new, 0 reinforced, 0 refined, 0 replaced, 0 contradicted, 0 confirmation asks; outcomes 1 ok / 0 bad (1 unresolved, 0 orphaned), 0 retired

=== Episode 40/200 (seed 139) ===
  [experience] 4 replays in 10 s (recorded goal@234): REPLAN_ROUTE@25 unnecessary (without it goal@235), WAIT@55 harmful (without it goal@186), WAIT@85 harmful (without it goal@211)
  tree: 21 ticks: 21 from the tree, 0 to the teacher (100% hit rate); rules +0 new, 0 reinforced, 0 refined, 0 replaced, 0 contradicted, 0 confirmation asks; outcomes 2 ok / 1 bad (0 unresolved, 0 orphaned), 0 retired

=== Episode 41/200 (seed 140) ===
  tree: 5 ticks: 5 from the tree, 0 to the teacher (100% hit rate); rules +0 new, 0 reinforced, 0 refined, 0 replaced, 0 contradicted, 0 confirmation asks; outcomes 0 ok / 0 bad (0 unresolved, 0 orphaned), 0 retired

=== Episode 42/200 (seed 141) ===
  [experience] 2 replays in 16 s (recorded goal@151): REPLAN_ROUTE@25 needed (without it goal@317)
  tree: 13 ticks: 13 from the tree, 0 to the teacher (100% hit rate); rules +0 new, 0 reinforced, 0 refined, 0 replaced, 0 contradicted, 0 confirmation asks; outcomes 1 ok / 0 bad (0 unresolved, 0 orphaned), 0 retired

=== Episode 43/200 (seed 142) ===
  [experience] 7 replays in 58 s (recorded human_requested@307): WAIT@25 needed (without it watchdog@87), WAIT@55 needed (without it watchdog@110), WAIT@155 needed (without it watchdog@204), WAIT@185 needed (without it watchdog@229), WAIT@215 needed (without it watchdog@257), WAIT@245 needed (without it watchdog@286)
  tree: 29 ticks: 28 from the tree, 0 to the teacher (100% hit rate); rules +0 new, 0 reinforced, 0 refined, 0 replaced, 0 contradicted, 0 confirmation asks; outcomes 0 ok / 0 bad (7 unresolved, 0 orphaned), 0 retired

=== Episode 44/200 (seed 143) ===
  [experience] 6 replays in 20 s (recorded goal@275): REPLAN_ROUTE@25 needed (without it goal@352), WAIT@145 harmful (without it goal@180), WAIT@175 harmful (without it goal@205), WAIT@205 harmful (without it goal@230), WAIT@235 harmful (without it goal@255)
  tree: 25 ticks: 25 from the tree, 0 to the teacher (100% hit rate); rules +0 new, 0 reinforced, 0 refined, 0 replaced, 0 contradicted, 0 confirmation asks; outcomes 4 ok / 0 bad (1 unresolved, 0 orphaned), 0 retired

=== Episode 45/200 (seed 144) ===
  [experience] 3 replays in 14 s (recorded goal@347): REPLAN_ROUTE@25 needed (without it goal@398), WAIT@125 harmful (without it goal@153)
  tree: 33 ticks: 33 from the tree, 0 to the teacher (100% hit rate); rules +0 new, 0 reinforced, 0 refined, 0 replaced, 0 contradicted, 0 confirmation asks; outcomes 1 ok / 0 bad (1 unresolved, 0 orphaned), 0 retired

=== Episode 46/200 (seed 145) ===
  [experience] 6 replays in 55 s (recorded human_requested@277): WAIT@25 needed (without it watchdog@84), WAIT@155 needed (without it watchdog@209), WAIT@185 needed (without it watchdog@219), WAIT@215 needed (without it watchdog@242), WAIT@245 needed (without it watchdog@287)
  tree: 26 ticks: 25 from the tree, 0 to the teacher (100% hit rate); rules +0 new, 0 reinforced, 0 refined, 0 replaced, 0 contradicted, 0 confirmation asks; outcomes 0 ok / 0 bad (5 unresolved, 0 orphaned), 0 retired

=== Episode 47/200 (seed 146) ===
  [experience] 4 replays in 27 s (recorded goal@182): WAIT@25 unnecessary (without it goal@175), WAIT@55 unnecessary (without it goal@184), WAIT@85 harmful (without it goal@169)
  tree: 16 ticks: 16 from the tree, 0 to the teacher (100% hit rate); rules +0 new, 0 reinforced, 0 refined, 0 replaced, 0 contradicted, 0 confirmation asks; outcomes 2 ok / 0 bad (1 unresolved, 0 orphaned), 0 retired

=== Episode 48/200 (seed 147) ===
  [experience] 2 replays in 9 s (recorded goal@163): REPLAN_ROUTE@25 needed (without it goal@235)
  tree: 14 ticks: 14 from the tree, 0 to the teacher (100% hit rate); rules +0 new, 0 reinforced, 0 refined, 0 replaced, 0 contradicted, 0 confirmation asks; outcomes 1 ok / 0 bad (0 unresolved, 0 orphaned), 0 retired

=== Episode 49/200 (seed 148) ===
  [experience] 7 replays in 22 s (recorded goal@308): REPLAN_ROUTE@25 needed (without it goal@406), WAIT@35 harmful (without it goal@161), WAIT@155 harmful (without it goal@185), WAIT@185 harmful (without it goal@209), WAIT@215 harmful (without it goal@234), WAIT@245 harmful (without it goal@259)
  tree: 29 ticks: 29 from the tree, 0 to the teacher (100% hit rate); rules +0 new, 0 reinforced, 0 refined, 0 replaced, 0 contradicted, 0 confirmation asks; outcomes 3 ok / 1 bad (3 unresolved, 0 orphaned), 0 retired

=== Episode 50/200 (seed 149) ===
  [experience] 2 replays in 13 s (recorded goal@187): REPLAN_ROUTE@25 needed (without it goal@338)
  tree: 17 ticks: 17 from the tree, 0 to the teacher (100% hit rate); rules +0 new, 0 reinforced, 0 refined, 0 replaced, 0 contradicted, 0 confirmation asks; outcomes 1 ok / 0 bad (0 unresolved, 0 orphaned), 0 retired
  checkpoint: /home/kristian/github/input_dt/DRL-MPC-Private-Playground/experiments/2026-09-24/scripts/../data/L_luna_dist_nojudge_noex_r2_rt.ep0050.json

=== Episode 51/200 (seed 150) ===
  [experience] 2 replays in 10 s (recorded goal@198): WAIT@45 unnecessary (without it goal@195)
  tree: 18 ticks: 18 from the tree, 0 to the teacher (100% hit rate); rules +0 new, 0 reinforced, 0 refined, 0 replaced, 0 contradicted, 0 confirmation asks; outcomes 0 ok / 0 bad (1 unresolved, 0 orphaned), 0 retired

=== Episode 52/200 (seed 151) ===
  [experience] 2 replays in 17 s (recorded goal@159): REPLAN_ROUTE@25 needed (without it goal@309)
  tree: 14 ticks: 14 from the tree, 0 to the teacher (100% hit rate); rules +0 new, 0 reinforced, 0 refined, 0 replaced, 0 contradicted, 0 confirmation asks; outcomes 1 ok / 0 bad (0 unresolved, 0 orphaned), 0 retired

=== Episode 53/200 (seed 152) ===
  [experience] 5 replays in 13 s (recorded goal@268): WAIT@35 harmful (without it goal@183), WAIT@65 harmful (without it goal@236), WAIT@95 harmful (without it goal@225), WAIT@125 unnecessary (without it goal@258)
  tree: 25 ticks: 25 from the tree, 0 to the teacher (100% hit rate); rules +0 new, 0 reinforced, 0 refined, 0 replaced, 0 contradicted, 0 confirmation asks; outcomes 3 ok / 13 bad (1 unresolved, 0 orphaned), 0 retired

=== Episode 54/200 (seed 153) ===
  [experience] 7 replays in 38 s (recorded human_requested@277): WAIT@25 harmful (without it human_requested@157), WAIT@55 harmful (without it human_requested@157), WAIT@85 harmful (without it human_requested@177), WAIT@115 harmful (without it human_requested@177), WAIT@155 harmful (without it human_requested@217), WAIT@185 harmful (without it human_requested@247)
  tree: 26 ticks: 25 from the tree, 0 to the teacher (100% hit rate); rules +0 new, 0 reinforced, 0 refined, 0 replaced, 0 contradicted, 0 confirmation asks; outcomes 0 ok / 0 bad (8 unresolved, 0 orphaned), 0 retired

=== Episode 55/200 (seed 154) ===
  [experience] 3 replays in 28 s (recorded goal@174): WAIT@25 unnecessary (without it goal@167), WAIT@55 needed (without it goal@240)
  tree: 15 ticks: 15 from the tree, 0 to the teacher (100% hit rate); rules +0 new, 0 reinforced, 0 refined, 0 replaced, 0 contradicted, 0 confirmation asks; outcomes 1 ok / 0 bad (1 unresolved, 0 orphaned), 0 retired

=== Episode 56/200 (seed 155) ===
  [experience] 3 replays in 24 s (recorded goal@165): REPLAN_ROUTE@25 needed (without it goal@391), WAIT@35 harmful (without it goal@130)
  tree: 14 ticks: 14 from the tree, 0 to the teacher (100% hit rate); rules +0 new, 0 reinforced, 0 refined, 0 replaced, 0 contradicted, 0 confirmation asks; outcomes 1 ok / 1 bad (0 unresolved, 0 orphaned), 0 retired

=== Episode 57/200 (seed 156) ===
  [experience] 6 replays in 17 s (recorded goal@254): REPLAN_ROUTE@25 needed (without it goal@318), WAIT@125 harmful (without it goal@160), WAIT@155 harmful (without it goal@184), WAIT@185 harmful (without it goal@209), WAIT@215 harmful (without it goal@234)
  tree: 23 ticks: 23 from the tree, 0 to the teacher (100% hit rate); rules +0 new, 0 reinforced, 0 refined, 0 replaced, 0 contradicted, 0 confirmation asks; outcomes 4 ok / 0 bad (1 unresolved, 0 orphaned), 0 retired

=== Episode 58/200 (seed 157) ===
  [experience] 5 replays in 15 s (recorded goal@187): WAIT@35 harmful (without it goal@175), WAIT@65 needed (without it collision@101), WAIT@95 harmful (without it goal@168), WAIT@125 unnecessary (without it goal@184)
  tree: 17 ticks: 17 from the tree, 0 to the teacher (100% hit rate); rules +0 new, 0 reinforced, 0 refined, 0 replaced, 0 contradicted, 0 confirmation asks; outcomes 3 ok / 0 bad (1 unresolved, 0 orphaned), 0 retired

=== Episode 59/200 (seed 158) ===
  [experience] 4 replays in 12 s (recorded goal@188): REPLAN_ROUTE@25 needed (without it goal@239), WAIT@125 harmful (without it goal@153), WAIT@165 unnecessary (without it goal@183)
  tree: 17 ticks: 17 from the tree, 0 to the teacher (100% hit rate); rules +0 new, 0 reinforced, 0 refined, 0 replaced, 0 contradicted, 0 confirmation asks; outcomes 3 ok / 0 bad (0 unresolved, 0 orphaned), 0 retired

=== Episode 60/200 (seed 159) ===
  [experience] 2 replays in 12 s (recorded goal@137): REPLAN_ROUTE@25 needed (without it goal@231)
  tree: 12 ticks: 12 from the tree, 0 to the teacher (100% hit rate); rules +0 new, 0 reinforced, 0 refined, 0 replaced, 0 contradicted, 0 confirmation asks; outcomes 1 ok / 0 bad (0 unresolved, 0 orphaned), 0 retired

=== Episode 61/200 (seed 160) ===
  [experience] 2 replays in 24 s (recorded goal@207): WAIT@55 needed (without it watchdog@113)
  tree: 19 ticks: 19 from the tree, 0 to the teacher (100% hit rate); rules +0 new, 0 reinforced, 0 refined, 0 replaced, 0 contradicted, 0 confirmation asks; outcomes 0 ok / 0 bad (1 unresolved, 0 orphaned), 0 retired

=== Episode 62/200 (seed 161) ===
  [experience] 7 replays in 30 s (recorded human_requested@417): WAIT@25 harmful (without it human_requested@167), WAIT@55 harmful (without it human_requested@157), WAIT@85 harmful (without it human_requested@177), WAIT@115 harmful (without it human_requested@207), WAIT@145 harmful (without it human_requested@237), WAIT@175 harmful (without it human_requested@237)
  tree: 40 ticks: 39 from the tree, 0 to the teacher (100% hit rate); rules +0 new, 0 reinforced, 0 refined, 0 replaced, 0 contradicted, 0 confirmation asks; outcomes 0 ok / 0 bad (13 unresolved, 0 orphaned), 0 retired

=== Episode 63/200 (seed 162) ===
  [experience] 7 replays in 16 s (recorded timeout@500): REPLAN_ROUTE@25 harmful (without it goal@479), WAIT@45 harmful (without it goal@182), WAIT@75 harmful (without it goal@206), WAIT@105 harmful (without it goal@230), WAIT@235 harmful (without it goal@358), WAIT@395 harmful (without it goal@480)
  tree: 48 ticks: 48 from the tree, 0 to the teacher (100% hit rate); rules +0 new, 0 reinforced, 0 refined, 0 replaced, 0 contradicted, 0 confirmation asks; outcomes 0 ok / 1 bad (5 unresolved, 0 orphaned), 0 retired

=== Episode 64/200 (seed 163) ===
  [experience] 2 replays in 11 s (recorded goal@343): WAIT@75 harmful (without it goal@140)
  tree: 32 ticks: 32 from the tree, 0 to the teacher (100% hit rate); rules +0 new, 0 reinforced, 0 refined, 0 replaced, 0 contradicted, 0 confirmation asks; outcomes 0 ok / 13 bad (1 unresolved, 0 orphaned), 0 retired

=== Episode 65/200 (seed 164) ===
  [experience] 2 replays in 22 s (recorded goal@129): REPLAN_ROUTE@25 needed (without it goal@342)
  tree: 11 ticks: 11 from the tree, 0 to the teacher (100% hit rate); rules +0 new, 0 reinforced, 0 refined, 0 replaced, 0 contradicted, 0 confirmation asks; outcomes 1 ok / 0 bad (0 unresolved, 0 orphaned), 0 retired

=== Episode 66/200 (seed 165) ===
  [experience] 3 replays in 5 s (recorded human_requested@37): REPLAN_ROUTE@25 needed (without it human_requested@97), REQUEST_HUMAN@35 needed (without it human_requested@97)
  tree: 2 ticks: 2 from the tree, 0 to the teacher (100% hit rate); rules +0 new, 0 reinforced, 0 refined, 0 replaced, 0 contradicted, 0 confirmation asks; outcomes 1 ok / 0 bad (1 unresolved, 0 orphaned), 0 retired

=== Episode 67/200 (seed 166) ===
  [experience] 2 replays in 12 s (recorded goal@132): REPLAN_ROUTE@25 needed (without it goal@188)
  tree: 11 ticks: 11 from the tree, 0 to the teacher (100% hit rate); rules +0 new, 0 reinforced, 0 refined, 0 replaced, 0 contradicted, 0 confirmation asks; outcomes 1 ok / 0 bad (0 unresolved, 0 orphaned), 0 retired

=== Episode 68/200 (seed 167) ===
  [experience] 5 replays in 56 s (recorded timeout@500): REPLAN_ROUTE@25 harmful (without it goal@368), WAIT@95 unclear (without it watchdog@136), WAIT@345 unclear (without it timeout@500), WAIT@405 unclear (without it timeout@500)
  tree: 48 ticks: 48 from the tree, 0 to the teacher (100% hit rate); rules +0 new, 0 reinforced, 0 refined, 0 replaced, 0 contradicted, 0 confirmation asks; outcomes 1 ok / 12 bad (3 unresolved, 0 orphaned), 0 retired

=== Episode 69/200 (seed 168) ===
  [experience] 3 replays in 3 s (recorded human_requested@37): REPLAN_ROUTE@25 needed (without it human_requested@127), REQUEST_HUMAN@35 needed (without it human_requested@97)
  tree: 2 ticks: 2 from the tree, 0 to the teacher (100% hit rate); rules +0 new, 0 reinforced, 0 refined, 0 replaced, 0 contradicted, 0 confirmation asks; outcomes 1 ok / 0 bad (1 unresolved, 0 orphaned), 0 retired

=== Episode 70/200 (seed 169) ===
  [experience] 3 replays in 22 s (recorded goal@315): REPLAN_ROUTE@25 needed (without it goal@350), WAIT@125 harmful (without it goal@177)
  tree: 29 ticks: 29 from the tree, 0 to the teacher (100% hit rate); rules +0 new, 0 reinforced, 0 refined, 0 replaced, 0 contradicted, 0 confirmation asks; outcomes 1 ok / 0 bad (1 unresolved, 0 orphaned), 0 retired

=== Episode 71/200 (seed 170) ===
  [experience] 3 replays in 4 s (recorded human_requested@53): REPLAN_ROUTE@25 needed (without it human_requested@167), REQUEST_HUMAN@35 needed (without it human_requested@97)
  tree: 2 ticks: 1 from the tree, 1 to the teacher (50% hit rate); rules +0 new, 1 reinforced, 0 refined, 0 replaced, 0 contradicted, 1 confirmation asks; outcomes 1 ok / 0 bad (1 unresolved, 0 orphaned), 0 retired

=== Episode 72/200 (seed 171) ===
  [experience] 6 replays in 21 s (recorded goal@336): REPLAN_ROUTE@25 unnecessary (without it goal@333), WAIT@35 harmful (without it goal@163), WAIT@65 harmful (without it goal@186), WAIT@95 harmful (without it goal@208), WAIT@145 unnecessary (without it goal@333)
  tree: 31 ticks: 31 from the tree, 0 to the teacher (100% hit rate); rules +0 new, 0 reinforced, 0 refined, 0 replaced, 0 contradicted, 0 confirmation asks; outcomes 0 ok / 1 bad (4 unresolved, 0 orphaned), 0 retired

=== Episode 73/200 (seed 172) ===
  [experience] 6 replays in 52 s (recorded human_requested@277): WAIT@25 needed (without it watchdog@88), WAIT@155 needed (without it watchdog@212), WAIT@185 needed (without it watchdog@237), WAIT@215 needed (without it watchdog@264), WAIT@245 needed (without it watchdog@287)
  tree: 26 ticks: 25 from the tree, 0 to the teacher (100% hit rate); rules +0 new, 0 reinforced, 0 refined, 0 replaced, 0 contradicted, 0 confirmation asks; outcomes 0 ok / 0 bad (5 unresolved, 0 orphaned), 0 retired

=== Episode 74/200 (seed 173) ===
  [experience] 3 replays in 26 s (recorded goal@183): WAIT@25 unnecessary (without it goal@177), WAIT@55 needed (without it goal@198)
  tree: 16 ticks: 16 from the tree, 0 to the teacher (100% hit rate); rules +0 new, 0 reinforced, 0 refined, 0 replaced, 0 contradicted, 0 confirmation asks; outcomes 1 ok / 0 bad (1 unresolved, 0 orphaned), 0 retired

=== Episode 75/200 (seed 174) ===
  [experience] 5 replays in 19 s (recorded goal@259): REPLAN_ROUTE@25 needed (without it goal@303), WAIT@135 harmful (without it goal@185), WAIT@165 harmful (without it goal@210), WAIT@195 harmful (without it goal@235)
  tree: 24 ticks: 24 from the tree, 0 to the teacher (100% hit rate); rules +0 new, 0 reinforced, 0 refined, 0 replaced, 0 contradicted, 0 confirmation asks; outcomes 3 ok / 0 bad (1 unresolved, 0 orphaned), 0 retired
  checkpoint: /home/kristian/github/input_dt/DRL-MPC-Private-Playground/experiments/2026-09-24/scripts/../data/L_luna_dist_nojudge_noex_r2_rt.ep0075.json

=== Episode 76/200 (seed 175) ===
  [experience] 3 replays in 3 s (recorded human_requested@37): REPLAN_ROUTE@25 needed (without it human_requested@97), REQUEST_HUMAN@35 needed (without it human_requested@97)
  tree: 2 ticks: 2 from the tree, 0 to the teacher (100% hit rate); rules +0 new, 0 reinforced, 0 refined, 0 replaced, 0 contradicted, 0 confirmation asks; outcomes 1 ok / 0 bad (1 unresolved, 0 orphaned), 0 retired

=== Episode 77/200 (seed 176) ===
  [experience] 2 replays in 32 s (recorded goal@169): WAIT@25 needed (without it watchdog@99)
  tree: 15 ticks: 15 from the tree, 0 to the teacher (100% hit rate); rules +0 new, 0 reinforced, 0 refined, 0 replaced, 0 contradicted, 0 confirmation asks; outcomes 0 ok / 0 bad (1 unresolved, 0 orphaned), 0 retired

=== Episode 78/200 (seed 177) ===
  [experience] 3 replays in 17 s (recorded goal@174): REPLAN_ROUTE@25 needed (without it goal@331), WAIT@145 harmful (without it goal@152)
  tree: 15 ticks: 15 from the tree, 0 to the teacher (100% hit rate); rules +0 new, 0 reinforced, 0 refined, 0 replaced, 0 contradicted, 0 confirmation asks; outcomes 2 ok / 0 bad (0 unresolved, 0 orphaned), 0 retired

=== Episode 79/200 (seed 178) ===
  [experience] 7 replays in 45 s (recorded timeout@500): WAIT@25 harmful (without it human_requested@207), WAIT@55 harmful (without it human_requested@207), WAIT@85 harmful (without it human_requested@227), WAIT@115 harmful (without it human_requested@257), WAIT@145 harmful (without it human_requested@287), WAIT@175 harmful (without it human_requested@327)
  tree: 48 ticks: 48 from the tree, 0 to the teacher (100% hit rate); rules +0 new, 0 reinforced, 0 refined, 0 replaced, 0 contradicted, 0 confirmation asks; outcomes 0 ok / 0 bad (16 unresolved, 0 orphaned), 0 retired

=== Episode 80/200 (seed 179) ===
  [experience] 3 replays in 14 s (recorded human_requested@37): REPLAN_ROUTE@25 needed (without it human_requested@97), REQUEST_HUMAN@35 needed (without it human_requested@97)
  tree: 2 ticks: 2 from the tree, 0 to the teacher (100% hit rate); rules +0 new, 0 reinforced, 0 refined, 0 replaced, 0 contradicted, 0 confirmation asks; outcomes 1 ok / 0 bad (1 unresolved, 0 orphaned), 0 retired

=== Episode 81/200 (seed 180) ===
  [experience] 3 replays in 24 s (recorded goal@189): WAIT@25 unnecessary (without it goal@180), WAIT@55 unnecessary (without it goal@193)
  tree: 17 ticks: 17 from the tree, 0 to the teacher (100% hit rate); rules +0 new, 0 reinforced, 0 refined, 0 replaced, 0 contradicted, 0 confirmation asks; outcomes 1 ok / 0 bad (1 unresolved, 0 orphaned), 0 retired

=== Episode 82/200 (seed 181) ===
  [experience] 3 replays in 4 s (recorded human_requested@37): REPLAN_ROUTE@25 needed (without it human_requested@127), REQUEST_HUMAN@35 needed (without it human_requested@97)
  tree: 2 ticks: 2 from the tree, 0 to the teacher (100% hit rate); rules +0 new, 0 reinforced, 0 refined, 0 replaced, 0 contradicted, 0 confirmation asks; outcomes 1 ok / 0 bad (1 unresolved, 0 orphaned), 0 retired

=== Episode 83/200 (seed 182) ===
  tree: 6 ticks: 6 from the tree, 0 to the teacher (100% hit rate); rules +0 new, 0 reinforced, 0 refined, 0 replaced, 0 contradicted, 0 confirmation asks; outcomes 0 ok / 0 bad (0 unresolved, 0 orphaned), 0 retired

=== Episode 84/200 (seed 183) ===
  [experience] 3 replays in 26 s (recorded goal@165): WAIT@25 unnecessary (without it goal@159), WAIT@55 unnecessary (without it goal@171)
  tree: 14 ticks: 14 from the tree, 0 to the teacher (100% hit rate); rules +0 new, 0 reinforced, 0 refined, 0 replaced, 0 contradicted, 0 confirmation asks; outcomes 1 ok / 0 bad (1 unresolved, 0 orphaned), 0 retired

=== Episode 85/200 (seed 184) ===
  [experience] 3 replays in 17 s (recorded goal@305): REPLAN_ROUTE@25 needed (without it goal@331), WAIT@105 harmful (without it goal@190)
  tree: 28 ticks: 28 from the tree, 0 to the teacher (100% hit rate); rules +0 new, 0 reinforced, 0 refined, 0 replaced, 0 contradicted, 0 confirmation asks; outcomes 1 ok / 0 bad (1 unresolved, 0 orphaned), 0 retired

=== Episode 86/200 (seed 185) ===
  [experience] 5 replays in 12 s (recorded goal@226): REPLAN_ROUTE@25 unnecessary (without it goal@220), WAIT@75 harmful (without it goal@155), WAIT@165 harmful (without it goal@184), WAIT@195 harmful (without it goal@209)
  tree: 20 ticks: 20 from the tree, 0 to the teacher (100% hit rate); rules +0 new, 0 reinforced, 0 refined, 0 replaced, 0 contradicted, 0 confirmation asks; outcomes 4 ok / 0 bad (0 unresolved, 0 orphaned), 0 retired

=== Episode 87/200 (seed 186) ===
  [experience] 6 replays in 17 s (recorded goal@256): REPLAN_ROUTE@25 needed (without it goal@342), WAIT@35 harmful (without it goal@178), WAIT@165 harmful (without it goal@183), WAIT@195 harmful (without it goal@207), WAIT@225 harmful (without it goal@232)
  tree: 23 ticks: 23 from the tree, 0 to the teacher (100% hit rate); rules +0 new, 0 reinforced, 0 refined, 0 replaced, 0 contradicted, 0 confirmation asks; outcomes 3 ok / 1 bad (1 unresolved, 0 orphaned), 0 retired

=== Episode 88/200 (seed 187) ===
  [experience] 7 replays in 37 s (recorded human_requested@417): WAIT@25 harmful (without it human_requested@157), WAIT@55 harmful (without it human_requested@187), WAIT@85 harmful (without it human_requested@177), WAIT@115 harmful (without it human_requested@207), WAIT@145 harmful (without it human_requested@237), WAIT@175 harmful (without it human_requested@267)
  tree: 40 ticks: 39 from the tree, 0 to the teacher (100% hit rate); rules +0 new, 0 reinforced, 0 refined, 0 replaced, 0 contradicted, 0 confirmation asks; outcomes 0 ok / 0 bad (13 unresolved, 0 orphaned), 0 retired

=== Episode 89/200 (seed 188) ===
  [experience] 7 replays in 38 s (recorded goal@285): REPLAN_ROUTE@25 unnecessary (without it goal@275), WAIT@55 harmful (without it goal@167), WAIT@85 harmful (without it goal@247), WAIT@115 needed (without it collision@164), WAIT@145 harmful (without it goal@249), WAIT@175 harmful (without it goal@271)
  tree: 26 ticks: 26 from the tree, 0 to the teacher (100% hit rate); rules +0 new, 0 reinforced, 0 refined, 0 replaced, 0 contradicted, 0 confirmation asks; outcomes 3 ok / 1 bad (2 unresolved, 0 orphaned), 0 retired

=== Episode 90/200 (seed 189) ===
  [experience] 2 replays in 18 s (recorded goal@161): REPLAN_ROUTE@25 needed (without it goal@327)
  tree: 14 ticks: 14 from the tree, 0 to the teacher (100% hit rate); rules +0 new, 0 reinforced, 0 refined, 0 replaced, 0 contradicted, 0 confirmation asks; outcomes 1 ok / 0 bad (0 unresolved, 0 orphaned), 0 retired

=== Episode 91/200 (seed 190) ===
  [experience] 5 replays in 15 s (recorded goal@254): REPLAN_ROUTE@25 harmful (without it goal@225), WAIT@165 harmful (without it goal@181), WAIT@195 harmful (without it goal@206), WAIT@225 harmful (without it goal@231)
  tree: 23 ticks: 23 from the tree, 0 to the teacher (100% hit rate); rules +0 new, 0 reinforced, 0 refined, 0 replaced, 0 contradicted, 0 confirmation asks; outcomes 3 ok / 0 bad (1 unresolved, 0 orphaned), 0 retired

=== Episode 92/200 (seed 191) ===
  [experience] 2 replays in 6 s (recorded goal@145): REPLAN_ROUTE@25 needed (without it goal@197)
  tree: 12 ticks: 12 from the tree, 0 to the teacher (100% hit rate); rules +0 new, 0 reinforced, 0 refined, 0 replaced, 0 contradicted, 0 confirmation asks; outcomes 1 ok / 0 bad (0 unresolved, 0 orphaned), 0 retired

=== Episode 93/200 (seed 192) ===
  [experience] 2 replays in 19 s (recorded goal@150): REPLAN_ROUTE@25 needed (without it goal@327)
  tree: 13 ticks: 13 from the tree, 0 to the teacher (100% hit rate); rules +0 new, 0 reinforced, 0 refined, 0 replaced, 0 contradicted, 0 confirmation asks; outcomes 1 ok / 0 bad (0 unresolved, 0 orphaned), 0 retired

=== Episode 94/200 (seed 193) ===
  [experience] 2 replays in 17 s (recorded goal@199): WAIT@45 unnecessary (without it goal@194)
  tree: 18 ticks: 18 from the tree, 0 to the teacher (100% hit rate); rules +0 new, 0 reinforced, 0 refined, 0 replaced, 0 contradicted, 0 confirmation asks; outcomes 0 ok / 0 bad (1 unresolved, 0 orphaned), 0 retired

=== Episode 95/200 (seed 194) ===
  [experience] 4 replays in 8 s (recorded goal@248): WAIT@25 harmful (without it goal@152), WAIT@55 harmful (without it goal@188), WAIT@85 harmful (without it goal@214)
  tree: 23 ticks: 23 from the tree, 0 to the teacher (100% hit rate); rules +0 new, 0 reinforced, 0 refined, 0 replaced, 0 contradicted, 0 confirmation asks; outcomes 2 ok / 13 bad (1 unresolved, 0 orphaned), 0 retired

=== Episode 96/200 (seed 195) ===
  [experience] 3 replays in 34 s (recorded goal@183): WAIT@25 needed (without it watchdog@86), WAIT@55 needed (without it watchdog@113)
  tree: 16 ticks: 16 from the tree, 0 to the teacher (100% hit rate); rules +0 new, 0 reinforced, 0 refined, 0 replaced, 0 contradicted, 0 confirmation asks; outcomes 1 ok / 0 bad (1 unresolved, 0 orphaned), 0 retired

=== Episode 97/200 (seed 196) ===
  [experience] 5 replays in 29 s (recorded goal@438): REPLAN_ROUTE@25 harmful (without it goal@304), WAIT@135 needed (without it watchdog@195), WAIT@405 harmful (without it goal@415), WAIT@435 unnecessary (without it goal@438)
  tree: 42 ticks: 42 from the tree, 0 to the teacher (100% hit rate); rules +0 new, 0 reinforced, 0 refined, 0 replaced, 0 contradicted, 0 confirmation asks; outcomes 3 ok / 25 bad (1 unresolved, 0 orphaned), 0 retired

=== Episode 98/200 (seed 197) ===
  [experience] 3 replays in 24 s (recorded goal@160): WAIT@25 needed (without it watchdog@87), WAIT@55 unnecessary (without it goal@170)
  tree: 14 ticks: 14 from the tree, 0 to the teacher (100% hit rate); rules +0 new, 0 reinforced, 0 refined, 0 replaced, 0 contradicted, 0 confirmation asks; outcomes 1 ok / 0 bad (1 unresolved, 0 orphaned), 0 retired

=== Episode 99/200 (seed 198) ===
  [experience] 3 replays in 12 s (recorded goal@204): REPLAN_ROUTE@25 needed (without it goal@276), WAIT@55 harmful (without it goal@179)
  tree: 18 ticks: 18 from the tree, 0 to the teacher (100% hit rate); rules +0 new, 0 reinforced, 0 refined, 0 replaced, 0 contradicted, 0 confirmation asks; outcomes 1 ok / 1 bad (0 unresolved, 0 orphaned), 0 retired

=== Episode 100/200 (seed 199) ===
  [experience] 7 replays in 15 s (recorded goal@338): REPLAN_ROUTE@25 harmful (without it goal@311), WAIT@65 harmful (without it goal@169), WAIT@95 harmful (without it goal@190), WAIT@125 needed (without it collision@147), WAIT@305 harmful (without it goal@314), WAIT@335 unnecessary (without it goal@338)
  tree: 32 ticks: 32 from the tree, 0 to the teacher (100% hit rate); rules +0 new, 0 reinforced, 0 refined, 0 replaced, 0 contradicted, 0 confirmation asks; outcomes 3 ok / 0 bad (3 unresolved, 0 orphaned), 0 retired
  checkpoint: /home/kristian/github/input_dt/DRL-MPC-Private-Playground/experiments/2026-09-24/scripts/../data/L_luna_dist_nojudge_noex_r2_rt.ep0100.json

=== Episode 101/200 (seed 200) ===
  [experience] 4 replays in 27 s (recorded goal@234): WAIT@25 unnecessary (without it goal@232), WAIT@115 harmful (without it goal@194), WAIT@145 harmful (without it goal@217)
  tree: 21 ticks: 21 from the tree, 0 to the teacher (100% hit rate); rules +0 new, 0 reinforced, 0 refined, 0 replaced, 0 contradicted, 0 confirmation asks; outcomes 2 ok / 0 bad (1 unresolved, 0 orphaned), 0 retired

=== Episode 102/200 (seed 201) ===
  [experience] 4 replays in 15 s (recorded goal@190): REPLAN_ROUTE@25 needed (without it goal@342), WAIT@155 harmful (without it goal@166), WAIT@185 unnecessary (without it goal@189)
  tree: 17 ticks: 17 from the tree, 0 to the teacher (100% hit rate); rules +0 new, 0 reinforced, 0 refined, 0 replaced, 0 contradicted, 0 confirmation asks; outcomes 3 ok / 0 bad (0 unresolved, 0 orphaned), 0 retired

=== Episode 103/200 (seed 202) ===
  [experience] 2 replays in 8 s (recorded goal@166): REPLAN_ROUTE@25 needed (without it goal@242)
  tree: 14 ticks: 14 from the tree, 0 to the teacher (100% hit rate); rules +0 new, 0 reinforced, 0 refined, 0 replaced, 0 contradicted, 0 confirmation asks; outcomes 1 ok / 0 bad (0 unresolved, 0 orphaned), 0 retired

=== Episode 104/200 (seed 203) ===
  [experience] 4 replays in 14 s (recorded goal@180): REPLAN_ROUTE@25 needed (without it goal@200), WAIT@35 harmful (without it goal@149), WAIT@65 unnecessary (without it goal@171)
  tree: 16 ticks: 16 from the tree, 0 to the teacher (100% hit rate); rules +0 new, 0 reinforced, 0 refined, 0 replaced, 0 contradicted, 0 confirmation asks; outcomes 2 ok / 1 bad (0 unresolved, 0 orphaned), 0 retired

=== Episode 105/200 (seed 204) ===
  [experience] 6 replays in 51 s (recorded human_requested@247): WAIT@25 harmful (without it human_requested@157), WAIT@55 needed (without it watchdog@114), WAIT@155 needed (without it watchdog@209), WAIT@185 needed (without it watchdog@223), WAIT@215 needed (without it watchdog@256)
  tree: 23 ticks: 22 from the tree, 0 to the teacher (100% hit rate); rules +0 new, 0 reinforced, 0 refined, 0 replaced, 0 contradicted, 0 confirmation asks; outcomes 0 ok / 0 bad (5 unresolved, 0 orphaned), 0 retired

=== Episode 106/200 (seed 205) ===
  [experience] 3 replays in 24 s (recorded goal@194): WAIT@25 unnecessary (without it goal@187), WAIT@55 needed (without it watchdog@114)
  tree: 17 ticks: 17 from the tree, 0 to the teacher (100% hit rate); rules +0 new, 0 reinforced, 0 refined, 0 replaced, 0 contradicted, 0 confirmation asks; outcomes 0 ok / 0 bad (2 unresolved, 0 orphaned), 0 retired

=== Episode 107/200 (seed 206) ===
  tree: 6 ticks: 6 from the tree, 0 to the teacher (100% hit rate); rules +0 new, 0 reinforced, 0 refined, 0 replaced, 0 contradicted, 0 confirmation asks; outcomes 0 ok / 0 bad (0 unresolved, 0 orphaned), 0 retired

=== Episode 108/200 (seed 207) ===
  [experience] 5 replays in 10 s (recorded goal@278): WAIT@25 harmful (without it goal@169), WAIT@55 harmful (without it goal@195), WAIT@85 harmful (without it goal@223), WAIT@115 harmful (without it goal@248)
  tree: 26 ticks: 26 from the tree, 0 to the teacher (100% hit rate); rules +0 new, 0 reinforced, 0 refined, 0 replaced, 0 contradicted, 0 confirmation asks; outcomes 3 ok / 13 bad (1 unresolved, 0 orphaned), 0 retired

=== Episode 109/200 (seed 208) ===
  [experience] 3 replays in 21 s (recorded goal@289): REPLAN_ROUTE@25 needed (without it goal@343), WAIT@135 harmful (without it goal@174)
  tree: 27 ticks: 27 from the tree, 0 to the teacher (100% hit rate); rules +0 new, 0 reinforced, 0 refined, 0 replaced, 0 contradicted, 0 confirmation asks; outcomes 1 ok / 0 bad (1 unresolved, 0 orphaned), 0 retired

=== Episode 110/200 (seed 209) ===
  [experience] 3 replays in 7 s (recorded human_requested@37): REPLAN_ROUTE@25 needed (without it human_requested@97), REQUEST_HUMAN@35 needed (without it human_requested@97)
  tree: 2 ticks: 2 from the tree, 0 to the teacher (100% hit rate); rules +0 new, 0 reinforced, 0 refined, 0 replaced, 0 contradicted, 0 confirmation asks; outcomes 1 ok / 0 bad (1 unresolved, 0 orphaned), 0 retired

=== Episode 111/200 (seed 210) ===
  [experience] 3 replays in 4 s (recorded human_requested@37): REPLAN_ROUTE@25 needed (without it human_requested@97), REQUEST_HUMAN@35 needed (without it human_requested@97)
  tree: 2 ticks: 2 from the tree, 0 to the teacher (100% hit rate); rules +0 new, 0 reinforced, 0 refined, 0 replaced, 0 contradicted, 0 confirmation asks; outcomes 1 ok / 0 bad (1 unresolved, 0 orphaned), 0 retired

=== Episode 112/200 (seed 211) ===
  [experience] 3 replays in 8 s (recorded human_requested@37): REPLAN_ROUTE@25 needed (without it human_requested@97), REQUEST_HUMAN@35 needed (without it human_requested@97)
  tree: 2 ticks: 2 from the tree, 0 to the teacher (100% hit rate); rules +0 new, 0 reinforced, 0 refined, 0 replaced, 0 contradicted, 0 confirmation asks; outcomes 1 ok / 0 bad (1 unresolved, 0 orphaned), 0 retired

=== Episode 113/200 (seed 212) ===
  [experience] 7 replays in 30 s (recorded timeout@500): WAIT@25 harmful (without it human_requested@157), WAIT@55 harmful (without it human_requested@187), WAIT@85 harmful (without it human_requested@157), WAIT@155 harmful (without it human_requested@217), WAIT@245 harmful (without it human_requested@307), WAIT@355 harmful (without it human_requested@417)
  tree: 48 ticks: 48 from the tree, 0 to the teacher (100% hit rate); rules +0 new, 0 reinforced, 0 refined, 0 replaced, 0 contradicted, 0 confirmation asks; outcomes 0 ok / 0 bad (10 unresolved, 0 orphaned), 0 retired

=== Episode 114/200 (seed 213) ===
  [experience] 7 replays in 44 s (recorded human_requested@357): WAIT@25 harmful (without it human_requested@157), WAIT@55 needed (without it collision@107), WAIT@85 harmful (without it human_requested@177), WAIT@115 harmful (without it human_requested@177), WAIT@145 harmful (without it human_requested@207), WAIT@175 harmful (without it human_requested@237)
  tree: 34 ticks: 33 from the tree, 0 to the teacher (100% hit rate); rules +0 new, 0 reinforced, 0 refined, 0 replaced, 0 contradicted, 0 confirmation asks; outcomes 0 ok / 0 bad (11 unresolved, 0 orphaned), 0 retired

=== Episode 115/200 (seed 214) ===
  [experience] 2 replays in 29 s (recorded goal@164): WAIT@25 needed (without it watchdog@90)
  tree: 14 ticks: 14 from the tree, 0 to the teacher (100% hit rate); rules +0 new, 0 reinforced, 0 refined, 0 replaced, 0 contradicted, 0 confirmation asks; outcomes 0 ok / 0 bad (1 unresolved, 0 orphaned), 0 retired

=== Episode 116/200 (seed 215) ===
  [experience] 2 replays in 23 s (recorded goal@173): WAIT@35 needed (without it watchdog@85)
  tree: 15 ticks: 15 from the tree, 0 to the teacher (100% hit rate); rules +0 new, 0 reinforced, 0 refined, 0 replaced, 0 contradicted, 0 confirmation asks; outcomes 0 ok / 0 bad (1 unresolved, 0 orphaned), 0 retired

=== Episode 117/200 (seed 216) ===
  [experience] 3 replays in 2 s (recorded human_requested@37): REPLAN_ROUTE@25 needed (without it human_requested@97), REQUEST_HUMAN@35 needed (without it human_requested@97)
  tree: 2 ticks: 2 from the tree, 0 to the teacher (100% hit rate); rules +0 new, 0 reinforced, 0 refined, 0 replaced, 0 contradicted, 0 confirmation asks; outcomes 1 ok / 0 bad (1 unresolved, 0 orphaned), 0 retired

=== Episode 118/200 (seed 217) ===
  [experience] 3 replays in 29 s (recorded goal@193): WAIT@35 unnecessary (without it goal@187), WAIT@65 needed (without it watchdog@124)
  tree: 17 ticks: 17 from the tree, 0 to the teacher (100% hit rate); rules +0 new, 0 reinforced, 0 refined, 0 replaced, 0 contradicted, 0 confirmation asks; outcomes 1 ok / 0 bad (1 unresolved, 0 orphaned), 0 retired

=== Episode 119/200 (seed 218) ===
  [experience] 6 replays in 14 s (recorded goal@229): REPLAN_ROUTE@25 needed (without it goal@320), WAIT@115 harmful (without it goal@136), WAIT@145 harmful (without it goal@161), WAIT@175 harmful (without it goal@185), WAIT@205 harmful (without it goal@210)
  tree: 21 ticks: 21 from the tree, 0 to the teacher (100% hit rate); rules +0 new, 0 reinforced, 0 refined, 0 replaced, 0 contradicted, 0 confirmation asks; outcomes 3 ok / 0 bad (2 unresolved, 0 orphaned), 0 retired

=== Episode 120/200 (seed 219) ===
  [experience] 7 replays in 38 s (recorded timeout@500): WAIT@25 harmful (without it goal@220), WAIT@55 harmful (without it goal@287), WAIT@85 harmful (without it goal@253), WAIT@115 harmful (without it goal@280), WAIT@145 harmful (without it goal@312), WAIT@255 harmful (without it goal@498)
  tree: 48 ticks: 48 from the tree, 0 to the teacher (100% hit rate); rules +0 new, 0 reinforced, 0 refined, 0 replaced, 0 contradicted, 0 confirmation asks; outcomes 2 ok / 13 bad (5 unresolved, 0 orphaned), 0 retired

=== Episode 121/200 (seed 220) ===
  [experience] 2 replays in 24 s (recorded goal@128): REPLAN_ROUTE@25 needed (without it goal@333)
  tree: 11 ticks: 11 from the tree, 0 to the teacher (100% hit rate); rules +0 new, 0 reinforced, 0 refined, 0 replaced, 0 contradicted, 0 confirmation asks; outcomes 1 ok / 0 bad (0 unresolved, 0 orphaned), 0 retired

=== Episode 122/200 (seed 221) ===
  [experience] 6 replays in 12 s (recorded goal@281): REPLAN_ROUTE@25 needed (without it goal@346), WAIT@145 harmful (without it goal@199), WAIT@175 harmful (without it goal@224), WAIT@205 harmful (without it goal@249), WAIT@235 unnecessary (without it goal@274)
  tree: 26 ticks: 26 from the tree, 0 to the teacher (100% hit rate); rules +0 new, 0 reinforced, 0 refined, 0 replaced, 0 contradicted, 0 confirmation asks; outcomes 4 ok / 0 bad (1 unresolved, 0 orphaned), 0 retired

=== Episode 123/200 (seed 222) ===
  [experience] 3 replays in 25 s (recorded goal@271): REPLAN_ROUTE@25 needed (without it goal@297), WAIT@95 harmful (without it goal@178)
  tree: 25 ticks: 25 from the tree, 0 to the teacher (100% hit rate); rules +0 new, 0 reinforced, 0 refined, 0 replaced, 0 contradicted, 0 confirmation asks; outcomes 1 ok / 0 bad (1 unresolved, 0 orphaned), 0 retired

=== Episode 124/200 (seed 223) ===
  [experience] 7 replays in 84 s (recorded timeout@500): REPLAN_ROUTE@25 harmful (without it goal@366), WAIT@35 harmful (without it goal@408), WAIT@65 harmful (without it goal@365), WAIT@95 harmful (without it goal@366), WAIT@125 harmful (without it goal@366), WAIT@155 unclear (without it timeout@500)
  tree: 48 ticks: 48 from the tree, 0 to the teacher (100% hit rate); rules +0 new, 0 reinforced, 0 refined, 0 replaced, 0 contradicted, 0 confirmation asks; outcomes 1 ok / 12 bad (6 unresolved, 0 orphaned), 0 retired

=== Episode 125/200 (seed 224) ===
  [experience] 2 replays in 17 s (recorded goal@277): WAIT@45 harmful (without it goal@192)
  tree: 26 ticks: 26 from the tree, 0 to the teacher (100% hit rate); rules +0 new, 0 reinforced, 0 refined, 0 replaced, 0 contradicted, 0 confirmation asks; outcomes 0 ok / 12 bad (1 unresolved, 0 orphaned), 0 retired
  checkpoint: /home/kristian/github/input_dt/DRL-MPC-Private-Playground/experiments/2026-09-24/scripts/../data/L_luna_dist_nojudge_noex_r2_rt.ep0125.json

=== Episode 126/200 (seed 225) ===
  [experience] 3 replays in 2 s (recorded human_requested@37): REPLAN_ROUTE@25 needed (without it human_requested@97), REQUEST_HUMAN@35 needed (without it human_requested@97)
  tree: 2 ticks: 2 from the tree, 0 to the teacher (100% hit rate); rules +0 new, 0 reinforced, 0 refined, 0 replaced, 0 contradicted, 0 confirmation asks; outcomes 1 ok / 0 bad (1 unresolved, 0 orphaned), 0 retired

=== Episode 127/200 (seed 226) ===
  [experience] 7 replays in 39 s (recorded goal@335): REPLAN_ROUTE@25 needed (without it goal@430), WAIT@125 harmful (without it goal@168), WAIT@155 harmful (without it goal@193), WAIT@185 harmful (without it goal@218), WAIT@215 harmful (without it goal@243), WAIT@245 harmful (without it goal@267)
  tree: 31 ticks: 31 from the tree, 0 to the teacher (100% hit rate); rules +0 new, 0 reinforced, 0 refined, 0 replaced, 0 contradicted, 0 confirmation asks; outcomes 4 ok / 0 bad (4 unresolved, 0 orphaned), 0 retired

=== Episode 128/200 (seed 227) ===
  [experience] 6 replays in 31 s (recorded goal@255): REPLAN_ROUTE@25 needed (without it goal@309), WAIT@105 harmful (without it goal@172), WAIT@135 harmful (without it goal@197), WAIT@165 harmful (without it goal@221), WAIT@195 unnecessary (without it goal@246)
  tree: 23 ticks: 23 from the tree, 0 to the teacher (100% hit rate); rules +0 new, 0 reinforced, 0 refined, 0 replaced, 0 contradicted, 0 confirmation asks; outcomes 4 ok / 0 bad (1 unresolved, 0 orphaned), 0 retired

=== Episode 129/200 (seed 228) ===
  [experience] 3 replays in 4 s (recorded human_requested@37): REPLAN_ROUTE@25 needed (without it human_requested@97), REQUEST_HUMAN@35 needed (without it human_requested@97)
  tree: 2 ticks: 2 from the tree, 0 to the teacher (100% hit rate); rules +0 new, 0 reinforced, 0 refined, 0 replaced, 0 contradicted, 0 confirmation asks; outcomes 1 ok / 0 bad (1 unresolved, 0 orphaned), 0 retired

=== Episode 130/200 (seed 229) ===
  [experience] 3 replays in 18 s (recorded goal@269): REPLAN_ROUTE@25 needed (without it goal@292), WAIT@145 harmful (without it goal@170)
  tree: 25 ticks: 25 from the tree, 0 to the teacher (100% hit rate); rules +0 new, 0 reinforced, 0 refined, 0 replaced, 0 contradicted, 0 confirmation asks; outcomes 1 ok / 1 bad (1 unresolved, 0 orphaned), 0 retired

=== Episode 131/200 (seed 230) ===
  [experience] 7 replays in 52 s (recorded human_requested@277): WAIT@25 harmful (without it human_requested@187), WAIT@55 harmful (without it human_requested@157), WAIT@85 needed (without it watchdog@146), WAIT@155 needed (without it watchdog@210), WAIT@185 needed (without it watchdog@235), WAIT@215 needed (without it watchdog@259)
  tree: 26 ticks: 25 from the tree, 0 to the teacher (100% hit rate); rules +0 new, 0 reinforced, 0 refined, 0 replaced, 0 contradicted, 0 confirmation asks; outcomes 0 ok / 0 bad (7 unresolved, 0 orphaned), 0 retired

=== Episode 132/200 (seed 231) ===
  [experience] 2 replays in 9 s (recorded goal@200): WAIT@55 unnecessary (without it goal@197)
  tree: 18 ticks: 18 from the tree, 0 to the teacher (100% hit rate); rules +0 new, 0 reinforced, 0 refined, 0 replaced, 0 contradicted, 0 confirmation asks; outcomes 0 ok / 0 bad (1 unresolved, 0 orphaned), 0 retired

=== Episode 133/200 (seed 232) ===
  [experience] 3 replays in 33 s (recorded goal@172): WAIT@25 needed (without it watchdog@96), WAIT@55 needed (without it watchdog@122)
  tree: 15 ticks: 15 from the tree, 0 to the teacher (100% hit rate); rules +0 new, 0 reinforced, 0 refined, 0 replaced, 0 contradicted, 0 confirmation asks; outcomes 1 ok / 0 bad (1 unresolved, 0 orphaned), 0 retired

=== Episode 134/200 (seed 233) ===
  [experience] 3 replays in 26 s (recorded goal@170): WAIT@25 unnecessary (without it goal@175), WAIT@55 unnecessary (without it goal@179)
  tree: 15 ticks: 15 from the tree, 0 to the teacher (100% hit rate); rules +0 new, 0 reinforced, 0 refined, 0 replaced, 0 contradicted, 0 confirmation asks; outcomes 1 ok / 0 bad (1 unresolved, 0 orphaned), 0 retired

=== Episode 135/200 (seed 234) ===
  [experience] 3 replays in 18 s (recorded goal@279): REPLAN_ROUTE@25 needed (without it goal@330), WAIT@125 harmful (without it goal@155)
  tree: 26 ticks: 26 from the tree, 0 to the teacher (100% hit rate); rules +0 new, 0 reinforced, 0 refined, 0 replaced, 0 contradicted, 0 confirmation asks; outcomes 1 ok / 0 bad (1 unresolved, 0 orphaned), 0 retired

=== Episode 136/200 (seed 235) ===
  [experience] 3 replays in 10 s (recorded human_requested@37): REPLAN_ROUTE@25 needed (without it human_requested@177), REQUEST_HUMAN@35 needed (without it human_requested@97)
  tree: 2 ticks: 2 from the tree, 0 to the teacher (100% hit rate); rules +0 new, 0 reinforced, 0 refined, 0 replaced, 0 contradicted, 0 confirmation asks; outcomes 1 ok / 0 bad (1 unresolved, 0 orphaned), 0 retired

=== Episode 137/200 (seed 236) ===
  tree: 6 ticks: 6 from the tree, 0 to the teacher (100% hit rate); rules +0 new, 0 reinforced, 0 refined, 0 replaced, 0 contradicted, 0 confirmation asks; outcomes 0 ok / 0 bad (0 unresolved, 0 orphaned), 0 retired

=== Episode 138/200 (seed 237) ===
  [experience] 4 replays in 24 s (recorded goal@258): WAIT@25 needed (without it watchdog@85), WAIT@55 needed (without it watchdog@111), WAIT@135 harmful (without it goal@219)
  tree: 24 ticks: 24 from the tree, 0 to the teacher (100% hit rate); rules +0 new, 0 reinforced, 0 refined, 0 replaced, 0 contradicted, 0 confirmation asks; outcomes 1 ok / 0 bad (2 unresolved, 0 orphaned), 0 retired

=== Episode 139/200 (seed 238) ===
  [experience] 3 replays in 22 s (recorded goal@173): WAIT@25 needed (without it watchdog@87), WAIT@55 needed (without it watchdog@113)
  tree: 15 ticks: 15 from the tree, 0 to the teacher (100% hit rate); rules +0 new, 0 reinforced, 0 refined, 0 replaced, 0 contradicted, 0 confirmation asks; outcomes 1 ok / 0 bad (1 unresolved, 0 orphaned), 0 retired

=== Episode 140/200 (seed 239) ===
  [experience] 4 replays in 20 s (recorded goal@216): REPLAN_ROUTE@25 needed (without it goal@313), WAIT@155 harmful (without it goal@168), WAIT@185 harmful (without it goal@192)
  tree: 19 ticks: 19 from the tree, 0 to the teacher (100% hit rate); rules +0 new, 0 reinforced, 0 refined, 0 replaced, 0 contradicted, 0 confirmation asks; outcomes 3 ok / 0 bad (0 unresolved, 0 orphaned), 0 retired

=== Episode 141/200 (seed 240) ===
  [experience] 5 replays in 29 s (recorded goal@246): WAIT@25 unnecessary (without it goal@246), WAIT@55 unnecessary (without it goal@249), WAIT@85 harmful (without it goal@217), WAIT@135 harmful (without it goal@216)
  tree: 22 ticks: 22 from the tree, 0 to the teacher (100% hit rate); rules +0 new, 0 reinforced, 0 refined, 0 replaced, 0 contradicted, 0 confirmation asks; outcomes 1 ok / 0 bad (3 unresolved, 0 orphaned), 0 retired

=== Episode 142/200 (seed 241) ===
  [experience] 3 replays in 2 s (recorded goal@203): WAIT@25 harmful (without it goal@79), WAIT@55 harmful (without it goal@102)
  tree: 18 ticks: 18 from the tree, 0 to the teacher (100% hit rate); rules +0 new, 0 reinforced, 0 refined, 0 replaced, 0 contradicted, 0 confirmation asks; outcomes 0 ok / 0 bad (2 unresolved, 0 orphaned), 0 retired

=== Episode 143/200 (seed 242) ===
  [experience] 3 replays in 4 s (recorded goal@137): WAIT@25 harmful (without it goal@115), WAIT@55 unnecessary (without it goal@134)
  tree: 12 ticks: 12 from the tree, 0 to the teacher (100% hit rate); rules +0 new, 0 reinforced, 0 refined, 0 replaced, 0 contradicted, 0 confirmation asks; outcomes 2 ok / 0 bad (0 unresolved, 0 orphaned), 0 retired

=== Episode 144/200 (seed 243) ===
  [experience] 6 replays in 58 s (recorded human_requested@277): WAIT@25 harmful (without it human_requested@187), WAIT@155 needed (without it watchdog@208), WAIT@185 needed (without it watchdog@235), WAIT@215 needed (without it watchdog@259), WAIT@245 needed (without it watchdog@291)
  tree: 26 ticks: 25 from the tree, 0 to the teacher (100% hit rate); rules +0 new, 0 reinforced, 0 refined, 0 replaced, 0 contradicted, 0 confirmation asks; outcomes 0 ok / 0 bad (5 unresolved, 0 orphaned), 0 retired

=== Episode 145/200 (seed 244) ===
  [experience] 5 replays in 20 s (recorded goal@263): REPLAN_ROUTE@25 needed (without it goal@325), WAIT@115 harmful (without it goal@190), WAIT@145 harmful (without it goal@214), WAIT@175 harmful (without it goal@238)
  tree: 24 ticks: 24 from the tree, 0 to the teacher (100% hit rate); rules +0 new, 0 reinforced, 0 refined, 0 replaced, 0 contradicted, 0 confirmation asks; outcomes 3 ok / 0 bad (1 unresolved, 0 orphaned), 0 retired

=== Episode 146/200 (seed 245) ===
  [experience] 3 replays in 26 s (recorded goal@175): WAIT@25 unnecessary (without it goal@181), WAIT@55 needed (without it watchdog@117)
  tree: 15 ticks: 15 from the tree, 0 to the teacher (100% hit rate); rules +0 new, 0 reinforced, 0 refined, 0 replaced, 0 contradicted, 0 confirmation asks; outcomes 1 ok / 0 bad (1 unresolved, 0 orphaned), 0 retired

=== Episode 147/200 (seed 246) ===
  [experience] 5 replays in 16 s (recorded goal@214): REPLAN_ROUTE@25 needed (without it goal@274), WAIT@105 harmful (without it goal@144), WAIT@135 harmful (without it goal@169), WAIT@165 harmful (without it goal@194)
  tree: 19 ticks: 19 from the tree, 0 to the teacher (100% hit rate); rules +0 new, 0 reinforced, 0 refined, 0 replaced, 0 contradicted, 0 confirmation asks; outcomes 4 ok / 0 bad (0 unresolved, 0 orphaned), 0 retired

=== Episode 148/200 (seed 247) ===
  [experience] 4 replays in 19 s (recorded collision@182): REPLAN_ROUTE@25 harmful (without it goal@399), WAIT@35 harmful (without it goal@163), WAIT@125 harmful (without it goal@168)
  tree: 16 ticks: 16 from the tree, 0 to the teacher (100% hit rate); rules +0 new, 0 reinforced, 0 refined, 0 replaced, 0 contradicted, 0 confirmation asks; outcomes 1 ok / 2 bad (0 unresolved, 0 orphaned), 0 retired

=== Episode 149/200 (seed 248) ===
  [experience] 3 replays in 17 s (recorded goal@246): REPLAN_ROUTE@25 needed (without it goal@287), WAIT@95 harmful (without it goal@146)
  tree: 22 ticks: 22 from the tree, 0 to the teacher (100% hit rate); rules +0 new, 0 reinforced, 0 refined, 0 replaced, 0 contradicted, 0 confirmation asks; outcomes 1 ok / 0 bad (1 unresolved, 0 orphaned), 0 retired

=== Episode 150/200 (seed 249) ===
  [experience] 3 replays in 26 s (recorded goal@197): WAIT@25 unnecessary (without it goal@191), WAIT@55 unnecessary (without it goal@203)
  tree: 18 ticks: 18 from the tree, 0 to the teacher (100% hit rate); rules +0 new, 0 reinforced, 0 refined, 0 replaced, 0 contradicted, 0 confirmation asks; outcomes 0 ok / 0 bad (2 unresolved, 0 orphaned), 0 retired
  checkpoint: /home/kristian/github/input_dt/DRL-MPC-Private-Playground/experiments/2026-09-24/scripts/../data/L_luna_dist_nojudge_noex_r2_rt.ep0150.json

=== Episode 151/200 (seed 250) ===
  [experience] 4 replays in 30 s (recorded goal@230): WAIT@25 needed (without it watchdog@103), WAIT@55 harmful (without it goal@217), WAIT@125 harmful (without it goal@205)
  tree: 21 ticks: 21 from the tree, 0 to the teacher (100% hit rate); rules +0 new, 0 reinforced, 0 refined, 0 replaced, 0 contradicted, 0 confirmation asks; outcomes 1 ok / 0 bad (2 unresolved, 0 orphaned), 0 retired

=== Episode 152/200 (seed 251) ===
  [experience] 3 replays in 17 s (recorded goal@329): REPLAN_ROUTE@25 harmful (without it goal@302), WAIT@85 harmful (without it goal@156)
  tree: 31 ticks: 31 from the tree, 0 to the teacher (100% hit rate); rules +0 new, 0 reinforced, 0 refined, 0 replaced, 0 contradicted, 0 confirmation asks; outcomes 1 ok / 0 bad (1 unresolved, 0 orphaned), 0 retired

=== Episode 153/200 (seed 252) ===
  tree: 15 ticks: 15 from the tree, 0 to the teacher (100% hit rate); rules +0 new, 0 reinforced, 0 refined, 0 replaced, 0 contradicted, 0 confirmation asks; outcomes 0 ok / 15 bad (0 unresolved, 0 orphaned), 0 retired

=== Episode 154/200 (seed 253) ===
  [experience] 4 replays in 8 s (recorded goal@275): WAIT@35 harmful (without it goal@179), WAIT@65 harmful (without it goal@207), WAIT@95 harmful (without it goal@237)
  tree: 25 ticks: 25 from the tree, 0 to the teacher (100% hit rate); rules +0 new, 0 reinforced, 0 refined, 0 replaced, 0 contradicted, 0 confirmation asks; outcomes 2 ok / 15 bad (1 unresolved, 0 orphaned), 0 retired

=== Episode 155/200 (seed 254) ===
  [experience] 3 replays in 14 s (recorded goal@164): REPLAN_ROUTE@25 needed (without it goal@353), WAIT@35 unnecessary (without it goal@156)
  tree: 14 ticks: 14 from the tree, 0 to the teacher (100% hit rate); rules +0 new, 0 reinforced, 0 refined, 0 replaced, 0 contradicted, 0 confirmation asks; outcomes 1 ok / 1 bad (0 unresolved, 0 orphaned), 0 retired

=== Episode 156/200 (seed 255) ===
  tree: 7 ticks: 7 from the tree, 0 to the teacher (100% hit rate); rules +0 new, 0 reinforced, 0 refined, 0 replaced, 0 contradicted, 0 confirmation asks; outcomes 0 ok / 0 bad (0 unresolved, 0 orphaned), 0 retired

=== Episode 157/200 (seed 256) ===
  [experience] 2 replays in 9 s (recorded goal@173): WAIT@35 unnecessary (without it goal@170)
  tree: 15 ticks: 15 from the tree, 0 to the teacher (100% hit rate); rules +0 new, 0 reinforced, 0 refined, 0 replaced, 0 contradicted, 0 confirmation asks; outcomes 0 ok / 0 bad (1 unresolved, 0 orphaned), 0 retired

=== Episode 158/200 (seed 257) ===
  [experience] 3 replays in 16 s (recorded goal@301): REPLAN_ROUTE@25 needed (without it goal@353), WAIT@135 harmful (without it goal@178)
  tree: 28 ticks: 28 from the tree, 0 to the teacher (100% hit rate); rules +0 new, 0 reinforced, 0 refined, 0 replaced, 0 contradicted, 0 confirmation asks; outcomes 1 ok / 0 bad (1 unresolved, 0 orphaned), 0 retired

=== Episode 159/200 (seed 258) ===
  [experience] 7 replays in 47 s (recorded human_requested@397): WAIT@25 harmful (without it human_requested@157), WAIT@55 harmful (without it human_requested@157), WAIT@105 harmful (without it human_requested@167), WAIT@155 harmful (without it human_requested@217), WAIT@185 harmful (without it human_requested@247), WAIT@215 harmful (without it human_requested@277)
  tree: 38 ticks: 37 from the tree, 0 to the teacher (100% hit rate); rules +0 new, 0 reinforced, 0 refined, 0 replaced, 0 contradicted, 0 confirmation asks; outcomes 0 ok / 0 bad (11 unresolved, 0 orphaned), 0 retired

=== Episode 160/200 (seed 259) ===
  [experience] 3 replays in 18 s (recorded human_requested@37): REPLAN_ROUTE@25 needed (without it human_requested@97), REQUEST_HUMAN@35 needed (without it human_requested@97)
  tree: 2 ticks: 2 from the tree, 0 to the teacher (100% hit rate); rules +0 new, 0 reinforced, 0 refined, 0 replaced, 0 contradicted, 0 confirmation asks; outcomes 1 ok / 0 bad (1 unresolved, 0 orphaned), 0 retired

=== Episode 161/200 (seed 260) ===
  [experience] 3 replays in 26 s (recorded goal@185): WAIT@25 unnecessary (without it goal@177), WAIT@55 needed (without it goal@203)
  tree: 16 ticks: 16 from the tree, 0 to the teacher (100% hit rate); rules +0 new, 0 reinforced, 0 refined, 0 replaced, 0 contradicted, 0 confirmation asks; outcomes 1 ok / 0 bad (1 unresolved, 0 orphaned), 0 retired

=== Episode 162/200 (seed 261) ===
  [experience] 3 replays in 4 s (recorded human_requested@37): REPLAN_ROUTE@25 needed (without it human_requested@167), REQUEST_HUMAN@35 needed (without it human_requested@97)
  tree: 2 ticks: 2 from the tree, 0 to the teacher (100% hit rate); rules +0 new, 0 reinforced, 0 refined, 0 replaced, 0 contradicted, 0 confirmation asks; outcomes 1 ok / 0 bad (1 unresolved, 0 orphaned), 0 retired

=== Episode 163/200 (seed 262) ===
  [experience] 2 replays in 25 s (recorded goal@149): REPLAN_ROUTE@25 needed (without it goal@373)
  tree: 13 ticks: 13 from the tree, 0 to the teacher (100% hit rate); rules +0 new, 0 reinforced, 0 refined, 0 replaced, 0 contradicted, 0 confirmation asks; outcomes 1 ok / 0 bad (0 unresolved, 0 orphaned), 0 retired

=== Episode 164/200 (seed 263) ===
  [experience] 7 replays in 54 s (recorded human_requested@247): WAIT@25 harmful (without it human_requested@157), WAIT@55 needed (without it watchdog@117), WAIT@85 needed (without it watchdog@142), WAIT@155 needed (without it watchdog@204), WAIT@185 needed (without it watchdog@205), WAIT@215 needed (without it watchdog@261)
  tree: 23 ticks: 22 from the tree, 0 to the teacher (100% hit rate); rules +0 new, 0 reinforced, 0 refined, 0 replaced, 0 contradicted, 0 confirmation asks; outcomes 0 ok / 0 bad (6 unresolved, 0 orphaned), 0 retired

=== Episode 165/200 (seed 264) ===
  tree: 9 ticks: 9 from the tree, 0 to the teacher (100% hit rate); rules +0 new, 0 reinforced, 0 refined, 0 replaced, 0 contradicted, 0 confirmation asks; outcomes 0 ok / 0 bad (0 unresolved, 0 orphaned), 0 retired

=== Episode 166/200 (seed 265) ===
  [experience] 5 replays in 22 s (recorded goal@282): REPLAN_ROUTE@25 unnecessary (without it goal@281), WAIT@35 harmful (without it goal@140), WAIT@65 harmful (without it goal@167), WAIT@95 unnecessary (without it goal@281)
  tree: 26 ticks: 26 from the tree, 0 to the teacher (100% hit rate); rules +0 new, 0 reinforced, 0 refined, 0 replaced, 0 contradicted, 0 confirmation asks; outcomes 0 ok / 1 bad (3 unresolved, 0 orphaned), 0 retired

=== Episode 167/200 (seed 266) ===
  tree: 22 ticks: 22 from the tree, 0 to the teacher (100% hit rate); rules +0 new, 0 reinforced, 0 refined, 0 replaced, 0 contradicted, 0 confirmation asks; outcomes 0 ok / 22 bad (0 unresolved, 0 orphaned), 0 retired

=== Episode 168/200 (seed 267) ===
  [experience] 3 replays in 20 s (recorded goal@306): REPLAN_ROUTE@25 needed (without it goal@323), WAIT@155 harmful (without it goal@187)
  tree: 28 ticks: 28 from the tree, 0 to the teacher (100% hit rate); rules +0 new, 0 reinforced, 0 refined, 0 replaced, 0 contradicted, 0 confirmation asks; outcomes 1 ok / 0 bad (1 unresolved, 0 orphaned), 0 retired

=== Episode 169/200 (seed 268) ===
  [experience] 3 replays in 14 s (recorded goal@205): WAIT@45 unnecessary (without it goal@198), WAIT@75 harmful (without it goal@191)
  tree: 18 ticks: 18 from the tree, 0 to the teacher (100% hit rate); rules +0 new, 0 reinforced, 0 refined, 0 replaced, 0 contradicted, 0 confirmation asks; outcomes 1 ok / 0 bad (1 unresolved, 0 orphaned), 0 retired

=== Episode 170/200 (seed 269) ===
  [experience] 2 replays in 27 s (recorded goal@190): WAIT@55 unnecessary (without it goal@187)
  tree: 17 ticks: 17 from the tree, 0 to the teacher (100% hit rate); rules +0 new, 0 reinforced, 0 refined, 0 replaced, 0 contradicted, 0 confirmation asks; outcomes 0 ok / 0 bad (1 unresolved, 0 orphaned), 0 retired

=== Episode 171/200 (seed 270) ===
  [experience] 3 replays in 10 s (recorded goal@179): REPLAN_ROUTE@25 needed (without it goal@241), WAIT@35 harmful (without it goal@154)
  tree: 16 ticks: 16 from the tree, 0 to the teacher (100% hit rate); rules +0 new, 0 reinforced, 0 refined, 0 replaced, 0 contradicted, 0 confirmation asks; outcomes 1 ok / 1 bad (0 unresolved, 0 orphaned), 0 retired

=== Episode 172/200 (seed 271) ===
  [experience] 6 replays in 55 s (recorded human_requested@247): WAIT@25 harmful (without it human_requested@187), WAIT@55 needed (without it watchdog@115), WAIT@155 needed (without it watchdog@200), WAIT@185 needed (without it watchdog@227), WAIT@215 needed (without it watchdog@257)
  tree: 23 ticks: 22 from the tree, 0 to the teacher (100% hit rate); rules +0 new, 0 reinforced, 0 refined, 0 replaced, 0 contradicted, 0 confirmation asks; outcomes 0 ok / 0 bad (5 unresolved, 0 orphaned), 0 retired

=== Episode 173/200 (seed 272) ===
  [experience] 2 replays in 16 s (recorded goal@132): REPLAN_ROUTE@25 needed (without it goal@286)
  tree: 11 ticks: 11 from the tree, 0 to the teacher (100% hit rate); rules +0 new, 0 reinforced, 0 refined, 0 replaced, 0 contradicted, 0 confirmation asks; outcomes 1 ok / 0 bad (0 unresolved, 0 orphaned), 0 retired

=== Episode 174/200 (seed 273) ===
  [experience] 2 replays in 8 s (recorded goal@132): REPLAN_ROUTE@25 needed (without it goal@221)
  tree: 11 ticks: 11 from the tree, 0 to the teacher (100% hit rate); rules +0 new, 0 reinforced, 0 refined, 0 replaced, 0 contradicted, 0 confirmation asks; outcomes 1 ok / 0 bad (0 unresolved, 0 orphaned), 0 retired

=== Episode 175/200 (seed 274) ===
  [experience] 3 replays in 4 s (recorded human_requested@37): REPLAN_ROUTE@25 needed (without it human_requested@187), REQUEST_HUMAN@35 needed (without it human_requested@97)
  tree: 2 ticks: 2 from the tree, 0 to the teacher (100% hit rate); rules +0 new, 0 reinforced, 0 refined, 0 replaced, 0 contradicted, 0 confirmation asks; outcomes 1 ok / 0 bad (1 unresolved, 0 orphaned), 0 retired
  checkpoint: /home/kristian/github/input_dt/DRL-MPC-Private-Playground/experiments/2026-09-24/scripts/../data/L_luna_dist_nojudge_noex_r2_rt.ep0175.json

=== Episode 176/200 (seed 275) ===
  [experience] 6 replays in 27 s (recorded goal@334): WAIT@45 harmful (without it goal@194), WAIT@75 harmful (without it goal@219), WAIT@105 harmful (without it goal@247), WAIT@275 harmful (without it goal@287), WAIT@305 harmful (without it goal@311)
  tree: 31 ticks: 31 from the tree, 0 to the teacher (100% hit rate); rules +0 new, 0 reinforced, 0 refined, 0 replaced, 0 contradicted, 0 confirmation asks; outcomes 5 ok / 15 bad (0 unresolved, 0 orphaned), 0 retired

=== Episode 177/200 (seed 276) ===
  [experience] 2 replays in 15 s (recorded goal@134): REPLAN_ROUTE@25 needed (without it goal@306)
  tree: 11 ticks: 11 from the tree, 0 to the teacher (100% hit rate); rules +0 new, 0 reinforced, 0 refined, 0 replaced, 0 contradicted, 0 confirmation asks; outcomes 1 ok / 0 bad (0 unresolved, 0 orphaned), 0 retired

=== Episode 178/200 (seed 277) ===
  [experience] 3 replays in 3 s (recorded human_requested@37): REPLAN_ROUTE@25 needed (without it human_requested@107), REQUEST_HUMAN@35 needed (without it human_requested@97)
  tree: 2 ticks: 2 from the tree, 0 to the teacher (100% hit rate); rules +0 new, 0 reinforced, 0 refined, 0 replaced, 0 contradicted, 0 confirmation asks; outcomes 1 ok / 0 bad (1 unresolved, 0 orphaned), 0 retired

=== Episode 179/200 (seed 278) ===
  tree: 16 ticks: 16 from the tree, 0 to the teacher (100% hit rate); rules +0 new, 0 reinforced, 0 refined, 0 replaced, 0 contradicted, 0 confirmation asks; outcomes 0 ok / 16 bad (0 unresolved, 0 orphaned), 0 retired

=== Episode 180/200 (seed 279) ===
  [experience] 4 replays in 7 s (recorded goal@261): WAIT@25 harmful (without it goal@169), WAIT@55 harmful (without it goal@195), WAIT@85 harmful (without it goal@222)
  tree: 24 ticks: 24 from the tree, 0 to the teacher (100% hit rate); rules +0 new, 0 reinforced, 0 refined, 0 replaced, 0 contradicted, 0 confirmation asks; outcomes 2 ok / 14 bad (1 unresolved, 0 orphaned), 0 retired

=== Episode 181/200 (seed 280) ===
  [experience] 3 replays in 31 s (recorded goal@142): REPLAN_ROUTE@25 needed (without it timeout@500), WAIT@35 unnecessary (without it goal@135)
  tree: 12 ticks: 12 from the tree, 0 to the teacher (100% hit rate); rules +0 new, 0 reinforced, 0 refined, 0 replaced, 0 contradicted, 0 confirmation asks; outcomes 1 ok / 1 bad (0 unresolved, 0 orphaned), 0 retired

=== Episode 182/200 (seed 281) ===
  [experience] 3 replays in 22 s (recorded goal@183): REPLAN_ROUTE@25 needed (without it goal@395), WAIT@175 unnecessary (without it goal@180)
  tree: 16 ticks: 16 from the tree, 0 to the teacher (100% hit rate); rules +0 new, 0 reinforced, 0 refined, 0 replaced, 0 contradicted, 0 confirmation asks; outcomes 2 ok / 0 bad (0 unresolved, 0 orphaned), 0 retired

=== Episode 183/200 (seed 282) ===
  [experience] 5 replays in 22 s (recorded goal@263): REPLAN_ROUTE@25 needed (without it goal@306), WAIT@105 harmful (without it goal@189), WAIT@135 harmful (without it goal@214), WAIT@165 harmful (without it goal@238)
  tree: 24 ticks: 24 from the tree, 0 to the teacher (100% hit rate); rules +0 new, 0 reinforced, 0 refined, 0 replaced, 0 contradicted, 0 confirmation asks; outcomes 3 ok / 0 bad (1 unresolved, 0 orphaned), 0 retired

=== Episode 184/200 (seed 283) ===
  [experience] 2 replays in 30 s (recorded goal@172): WAIT@35 needed (without it watchdog@82)
  tree: 15 ticks: 15 from the tree, 0 to the teacher (100% hit rate); rules +0 new, 0 reinforced, 0 refined, 0 replaced, 0 contradicted, 0 confirmation asks; outcomes 0 ok / 0 bad (1 unresolved, 0 orphaned), 0 retired

=== Episode 185/200 (seed 284) ===
  [experience] 6 replays in 19 s (recorded goal@269): REPLAN_ROUTE@25 harmful (without it goal@234), WAIT@85 harmful (without it goal@165), WAIT@115 harmful (without it goal@188), WAIT@195 harmful (without it goal@219), WAIT@225 harmful (without it goal@244)
  tree: 25 ticks: 25 from the tree, 0 to the teacher (100% hit rate); rules +0 new, 0 reinforced, 0 refined, 0 replaced, 0 contradicted, 0 confirmation asks; outcomes 5 ok / 0 bad (0 unresolved, 0 orphaned), 0 retired

=== Episode 186/200 (seed 285) ===
  [experience] 7 replays in 34 s (recorded human_requested@357): WAIT@25 harmful (without it human_requested@157), WAIT@55 harmful (without it human_requested@187), WAIT@85 harmful (without it human_requested@177), WAIT@115 harmful (without it human_requested@207), WAIT@145 harmful (without it human_requested@207), WAIT@175 harmful (without it human_requested@237)
  tree: 34 ticks: 33 from the tree, 0 to the teacher (100% hit rate); rules +0 new, 0 reinforced, 0 refined, 0 replaced, 0 contradicted, 0 confirmation asks; outcomes 0 ok / 0 bad (11 unresolved, 0 orphaned), 0 retired

=== Episode 187/200 (seed 286) ===
  [experience] 7 replays in 16 s (recorded human_requested@327): WAIT@25 harmful (without it human_requested@157), WAIT@55 harmful (without it human_requested@157), WAIT@85 harmful (without it human_requested@177), WAIT@115 harmful (without it human_requested@177), WAIT@145 harmful (without it human_requested@207), WAIT@175 harmful (without it human_requested@237)
  tree: 31 ticks: 30 from the tree, 0 to the teacher (100% hit rate); rules +0 new, 0 reinforced, 0 refined, 0 replaced, 0 contradicted, 0 confirmation asks; outcomes 0 ok / 0 bad (10 unresolved, 0 orphaned), 0 retired

=== Episode 188/200 (seed 287) ===
  [experience] 3 replays in 20 s (recorded goal@183): REPLAN_ROUTE@25 needed (without it goal@319), WAIT@155 harmful (without it goal@161)
  tree: 16 ticks: 16 from the tree, 0 to the teacher (100% hit rate); rules +0 new, 0 reinforced, 0 refined, 0 replaced, 0 contradicted, 0 confirmation asks; outcomes 2 ok / 0 bad (0 unresolved, 0 orphaned), 0 retired

=== Episode 189/200 (seed 288) ===
  [experience] 3 replays in 7 s (recorded human_requested@37): REPLAN_ROUTE@25 needed (without it human_requested@137), REQUEST_HUMAN@35 needed (without it human_requested@97)
  tree: 2 ticks: 2 from the tree, 0 to the teacher (100% hit rate); rules +0 new, 0 reinforced, 0 refined, 0 replaced, 0 contradicted, 0 confirmation asks; outcomes 1 ok / 0 bad (1 unresolved, 0 orphaned), 0 retired

=== Episode 190/200 (seed 289) ===
  [experience] 2 replays in 11 s (recorded goal@178): REPLAN_ROUTE@25 needed (without it goal@282)
  tree: 16 ticks: 16 from the tree, 0 to the teacher (100% hit rate); rules +0 new, 0 reinforced, 0 refined, 0 replaced, 0 contradicted, 0 confirmation asks; outcomes 1 ok / 0 bad (0 unresolved, 0 orphaned), 0 retired

=== Episode 191/200 (seed 290) ===
  [experience] 4 replays in 15 s (recorded goal@186): WAIT@35 needed (without it goal@224), WAIT@65 needed (without it collision@129), WAIT@95 harmful (without it goal@175)
  tree: 16 ticks: 16 from the tree, 0 to the teacher (100% hit rate); rules +0 new, 0 reinforced, 0 refined, 0 replaced, 0 contradicted, 0 confirmation asks; outcomes 2 ok / 0 bad (1 unresolved, 0 orphaned), 0 retired

=== Episode 192/200 (seed 291) ===
  tree: 24 ticks: 24 from the tree, 0 to the teacher (100% hit rate); rules +0 new, 0 reinforced, 0 refined, 0 replaced, 0 contradicted, 0 confirmation asks; outcomes 0 ok / 24 bad (0 unresolved, 0 orphaned), 0 retired

=== Episode 193/200 (seed 292) ===
  [experience] 3 replays in 7 s (recorded human_requested@37): REPLAN_ROUTE@25 needed (without it human_requested@197), REQUEST_HUMAN@35 needed (without it human_requested@97)
  tree: 2 ticks: 2 from the tree, 0 to the teacher (100% hit rate); rules +0 new, 0 reinforced, 0 refined, 0 replaced, 0 contradicted, 0 confirmation asks; outcomes 1 ok / 0 bad (1 unresolved, 0 orphaned), 0 retired

=== Episode 194/200 (seed 293) ===
  [experience] 7 replays in 59 s (recorded human_requested@357): WAIT@25 harmful (without it human_requested@157), WAIT@55 harmful (without it human_requested@157), WAIT@85 harmful (without it human_requested@177), WAIT@115 harmful (without it human_requested@177), WAIT@145 needed (without it watchdog@207), WAIT@175 needed (without it watchdog@234)
  tree: 34 ticks: 33 from the tree, 0 to the teacher (100% hit rate); rules +0 new, 0 reinforced, 0 refined, 0 replaced, 0 contradicted, 0 confirmation asks; outcomes 0 ok / 0 bad (11 unresolved, 0 orphaned), 0 retired

=== Episode 195/200 (seed 294) ===
  [experience] 5 replays in 27 s (recorded goal@248): WAIT@25 harmful (without it goal@208), WAIT@55 harmful (without it goal@186), WAIT@85 harmful (without it goal@212), WAIT@115 unnecessary (without it goal@245)
  tree: 23 ticks: 23 from the tree, 0 to the teacher (100% hit rate); rules +0 new, 0 reinforced, 0 refined, 0 replaced, 0 contradicted, 0 confirmation asks; outcomes 3 ok / 12 bad (1 unresolved, 0 orphaned), 0 retired

=== Episode 196/200 (seed 295) ===
  [experience] 6 replays in 53 s (recorded human_requested@277): WAIT@25 needed (without it watchdog@84), WAIT@155 needed (without it watchdog@209), WAIT@185 needed (without it watchdog@231), WAIT@215 needed (without it watchdog@254), WAIT@245 needed (without it watchdog@286)
  tree: 26 ticks: 25 from the tree, 0 to the teacher (100% hit rate); rules +0 new, 0 reinforced, 0 refined, 0 replaced, 0 contradicted, 0 confirmation asks; outcomes 0 ok / 0 bad (5 unresolved, 0 orphaned), 0 retired

=== Episode 197/200 (seed 296) ===
  [experience] 5 replays in 17 s (recorded goal@339): WAIT@25 harmful (without it goal@265), WAIT@75 harmful (without it goal@281), WAIT@305 harmful (without it goal@315), WAIT@335 unnecessary (without it goal@339)
  tree: 32 ticks: 32 from the tree, 0 to the teacher (100% hit rate); rules +0 new, 0 reinforced, 0 refined, 0 replaced, 0 contradicted, 0 confirmation asks; outcomes 2 ok / 0 bad (2 unresolved, 0 orphaned), 0 retired

=== Episode 198/200 (seed 297) ===
  [experience] 4 replays in 38 s (recorded goal@202): WAIT@35 harmful (without it goal@191), WAIT@65 needed (without it goal@217), WAIT@95 unnecessary (without it goal@194)
  tree: 18 ticks: 18 from the tree, 0 to the teacher (100% hit rate); rules +0 new, 0 reinforced, 0 refined, 0 replaced, 0 contradicted, 0 confirmation asks; outcomes 2 ok / 0 bad (1 unresolved, 0 orphaned), 0 retired

=== Episode 199/200 (seed 298) ===
  [experience] 3 replays in 16 s (recorded human_requested@37): REPLAN_ROUTE@25 needed (without it human_requested@97), REQUEST_HUMAN@35 needed (without it human_requested@97)
  tree: 2 ticks: 2 from the tree, 0 to the teacher (100% hit rate); rules +0 new, 0 reinforced, 0 refined, 0 replaced, 0 contradicted, 0 confirmation asks; outcomes 1 ok / 0 bad (1 unresolved, 0 orphaned), 0 retired

=== Episode 200/200 (seed 299) ===
  tree: 7 ticks: 7 from the tree, 0 to the teacher (100% hit rate); rules +0 new, 0 reinforced, 0 refined, 0 replaced, 0 contradicted, 0 confirmation asks; outcomes 0 ok / 0 bad (0 unresolved, 0 orphaned), 0 retired
  checkpoint: /home/kristian/github/input_dt/DRL-MPC-Private-Playground/experiments/2026-09-24/scripts/../data/L_luna_dist_nojudge_noex_r2_rt.ep0200.json

=== Between-episode simulation: {"episodes": 200, "replays": 765, "labelled": 577, "skipped_inexact": 0, "never_reached": 0, "wall_s": 4235.006540000042} ===
=== Experience table: 36 situation-action pair(s), 599 judge verdict(s), 577 counterfactual label(s); saved to /home/kristian/github/input_dt/DRL-MPC-Private-Playground/experiments/2026-09-24/scripts/../data/L_luna_dist_nojudge_noex_r2_rt.experience.json ===

=== Learning curve ===
   ep  ticks   tree   llm   hit%  rules    age  steps   wall_s   agree  recov  unwanted  goal
    1     12      0    12     0%      4    7.3    164     18.1     92%      1         1  yes
    2     32     27     5    84%      6    2.3    353     11.7     94%      2         1  yes
    3      2      0     2     0%      7    9.0     47      5.3     50%      2         1  yes (human_requested)
    4     34     33     1    97%      7    1.3    372     18.4     76%      5         5  yes
    5     22     22     0   100%      7    1.0    244      6.4     32%      3         2  yes
    6     22     22     0   100%      7    1.0    246     13.2     59%      5         5  yes
    7      2      1     1    50%      7    4.0     43      1.5     50%      2         1  yes (human_requested)
    8     12     12     0   100%      7    1.0    142      0.7     83%      2         2  yes
    9     12     12     0   100%      7    1.0    138      1.8     92%      1         1  yes
   10     25     24     0   100%      7    1.0    267     18.3     48%      9         6  yes (human_requested)
   11     15     15     0   100%      7    1.0    175      1.4     93%      1         1  yes
   12     41     41     0   100%      7    1.0    429      9.1     41%      8         6  yes
   13     26     25     0   100%      7    1.0    277     17.7     77%      7         4  yes (human_requested)
   14     29     28     0   100%      7    1.0    307     23.0     76%      8         3  yes (human_requested)
   15     22     22     0   100%      7    1.0    239      6.3      0%      0         0  yes
   16     48     48     0   100%      7    1.0    500     26.4     75%      6         5  no (timeout)
   17     26     25     0   100%      7    1.0    277     17.6     73%      7         4  yes (human_requested)
   18     36     35     1    97%      7    1.2    379     14.6     69%      7         6  yes
   19     21     21     0   100%      7    1.0    227      4.4     71%      4         4  yes
   20     21     21     0   100%      7    1.0    235      5.9     67%      4         3  yes
   21     35     35     0   100%      7    1.0    368     18.0     40%      8         6  yes
   22     47     47     0   100%      7    1.0    490     14.9     96%      2         2  yes
   23     11     11     0   100%      7    1.0    127      0.8     91%      1         1  yes
   24     14     14     0   100%      7    1.0    158      2.6     93%      1         1  yes
   25     26     25     0   100%      7    1.0    277     17.9     73%      7         4  yes (human_requested)
   26     32     32     0   100%      7    1.0    337      8.8     81%      4         3  yes
   27     12     12     0   100%      7    1.0    140      4.4     92%      1         1  yes
   28     16     16     0   100%      7    1.0    186      5.5     69%      3         3  yes
   29     16     16     0   100%      7    1.0    178      4.6     81%      2         2  yes
   30     14     14     0   100%      7    1.0    161      3.0     79%      2         2  yes
   31     26     25     0   100%      7    1.0    277     19.4     58%      9         7  yes (human_requested)
   32     17     17     0   100%      7    1.0    189      5.3     88%      2         2  yes
   33     28     28     0   100%      7    1.0    300      3.0     61%      6         6  yes
   34     26     25     0   100%      7    1.0    277     13.9     73%      7         4  yes (human_requested)
   35      2      1     1    50%      8    5.5     46      2.6     50%      2         0  yes (human_requested)
   36     16     16     0   100%      8    1.0    186      8.0     94%      1         1  yes
   37     22     22     0   100%      8    1.0    237     10.0     82%      3         3  yes
   38     32     32     0   100%      8    1.0    337      2.6     75%      6         6  yes
   39     40     40     0   100%      8    1.0    424      5.5     95%      2         1  yes
   40     21     21     0   100%      8    1.0    234      6.3     76%      3         2  yes
   41      5      5     0   100%      8    1.0     74      1.2    100%      0         0  yes
   42     13     13     0   100%      8    1.0    151      2.1     92%      1         1  yes
   43     29     28     0   100%      8    1.0    307     21.7     72%      8         4  yes (human_requested)
   44     25     25     0   100%      8    1.0    275      7.4     64%      5         5  yes
   45     33     33     0   100%      8    1.0    347      5.2     94%      2         2  yes
   46     26     25     0   100%      8    1.0    277     17.7     85%      6         3  yes (human_requested)
   47     16     16     0   100%      8    1.0    182      4.3     69%      3         3  yes
   48     14     14     0   100%      8    1.0    163      3.4     93%      1         1  yes
   49     29     29     0   100%      8    1.0    308      5.2     59%      7         7  yes
   50     17     17     0   100%      8    1.0    187      1.3     94%      1         0  yes
   51     18     18     0   100%      8    1.0    198      4.9     94%      1         1  yes
   52     14     14     0   100%      8    1.0    159      1.3     93%      1         1  yes
   53     25     25     0   100%      8    1.0    268      7.2     32%      4         3  yes
   54     26     25     0   100%      8    1.0    277     19.2     62%      9         6  yes (human_requested)
   55     15     15     0   100%      8    1.0    174      2.8     80%      2         2  yes
   56     14     14     0   100%      8    1.0    165      4.9     86%      2         2  yes
   57     23     23     0   100%      8    1.0    254      6.6     61%      5         5  yes
   58     17     17     0   100%      8    1.0    187      4.8     59%      4         4  yes
   59     17     17     0   100%      8    1.0    188      1.3     82%      3         3  yes
   60     12     12     0   100%      8    1.0    137      3.2     92%      1         1  yes
   61     19     19     0   100%      8    1.0    207      5.7     95%      1         1  yes
   62     40     39     0   100%      8    1.0    417     14.4     68%     14        10  yes (human_requested)
   63     48     48     0   100%      8    1.0    500      1.6     85%      6         6  no (timeout)
   64     32     32     0   100%      8    1.0    343      7.4     56%      1         0  yes
   65     11     11     0   100%      8    1.0    129      1.0     91%      1         1  yes
   66      2      2     0   100%      8    1.0     37      0.9     50%      2         1  yes (human_requested)
   67     11     11     0   100%      8    1.0    132      4.8     91%      1         1  yes
   68     48     48     0   100%      8    1.0    500     15.2     67%      4         3  no (timeout)
   69      2      2     0   100%      8    1.0     37      0.2     50%      2         1  yes (human_requested)
   70     29     29     0   100%      8    1.0    315     10.0     93%      2         1  yes
   71      2      1     1    50%      8    9.0     53      3.6     50%      2         0  yes (human_requested)
   72     31     31     0   100%      8    1.0    336     10.2     77%      5         5  yes
   73     26     25     0   100%      8    1.0    277     13.8     81%      6         4  yes (human_requested)
   74     16     16     0   100%      8    1.0    183      4.5     81%      2         2  yes
   75     24     24     0   100%      8    1.0    259     10.9     71%      4         3  yes
   76      2      2     0   100%      8    1.0     37      0.2     50%      2         1  yes (human_requested)
   77     15     15     0   100%      8    1.0    169      2.1     93%      1         1  yes
   78     15     15     0   100%      8    1.0    174      3.4     80%      2         2  yes
   79     48     48     0   100%      8    1.0    500     41.2     75%     16         9  no (timeout)
   80      2      2     0   100%      8    1.0     37      0.9     50%      2         1  yes (human_requested)
   81     17     17     0   100%      8    1.0    189      3.5     82%      2         2  yes
   82      2      2     0   100%      8    1.0     37      0.2     50%      2         1  yes (human_requested)
   83      6      6     0   100%      8    1.0     85      2.1    100%      0         0  yes
   84     14     14     0   100%      8    1.0    165      4.2     79%      2         2  yes
   85     28     28     0   100%      8    1.0    305      6.6     93%      2         1  yes
   86     20     20     0   100%      8    1.0    226      8.7     70%      4         4  yes
   87     23     23     0   100%      8    1.0    256      1.9     65%      5         5  yes
   88     40     39     0   100%      8    1.0    417     15.2     68%     14        11  yes (human_requested)
   89     26     26     0   100%      8    1.0    285     19.0     58%      6         6  yes
   90     14     14     0   100%      8    1.0    161      1.2     93%      1         1  yes
   91     23     23     0   100%      8    1.0    254      9.7     70%      4         3  yes
   92     12     12     0   100%      8    1.0    145      3.3     92%      1         1  yes
   93     13     13     0   100%      8    1.0    150      2.4     92%      1         1  yes
   94     18     18     0   100%      8    1.0    199      7.5     94%      1         1  yes
   95     23     23     0   100%      8    1.0    248      6.4     30%      3         2  yes
   96     16     16     0   100%      8    1.0    183      4.1     81%      2         2  yes
   97     42     42     0   100%      8    1.0    438     13.9     31%      4         2  yes
   98     14     14     0   100%      8    1.0    160      4.0     79%      2         2  yes
   99     18     18     0   100%      8    1.0    204      1.8     83%      2         1  yes
  100     32     32     0   100%      8    1.0    338      1.7     72%      6         6  yes
  101     21     21     0   100%      8    1.0    234      8.2     81%      3         3  yes
  102     17     17     0   100%      8    1.0    190      3.7     76%      3         3  yes
  103     14     14     0   100%      8    1.0    166      3.9     93%      1         1  yes
  104     16     16     0   100%      8    1.0    180      7.3     81%      3         3  yes
  105     23     22     0   100%      8    1.0    247      9.6     74%      6         4  yes (human_requested)
  106     17     17     0   100%      8    1.0    194      2.2     82%      2         2  yes
  107      6      6     0   100%      8    1.0     79      1.6    100%      0         0  yes
  108     26     26     0   100%      8    1.0    278      5.2     35%      4         3  yes
  109     27     27     0   100%      8    1.0    289      6.3     89%      2         2  yes
  110      2      2     0   100%      8    1.0     37      0.9     50%      2         0  yes (human_requested)
  111      2      2     0   100%      8    1.0     37      0.8     50%      2         1  yes (human_requested)
  112      2      2     0   100%      8    1.0     37      1.8     50%      2         1  yes (human_requested)
  113     48     48     0   100%      8    1.0    500     17.3     73%     10        10  no (timeout)
  114     34     33     0   100%      8    1.0    357     18.0     50%     12        10  yes (human_requested)
  115     14     14     0   100%      8    1.0    164      2.4     93%      1         1  yes
  116     15     15     0   100%      8    1.0    173      7.2     93%      1         1  yes
  117      2      2     0   100%      8    1.0     37      0.7     50%      2         1  yes (human_requested)
  118     17     17     0   100%      8    1.0    193     10.1     82%      2         2  yes
  119     21     21     0   100%      8    1.0    229      7.6     57%      5         5  yes
  120     48     48     0   100%      8    1.0    500     10.4     58%      7         4  no (timeout)
  121     11     11     0   100%      8    1.0    128      3.2     91%      1         1  yes
  122     26     26     0   100%      8    1.0    281      2.7     69%      5         4  yes
  123     25     25     0   100%      8    1.0    271     22.9     92%      2         2  yes
  124     48     48     0   100%      8    1.0    500     31.1     62%      8         6  no (timeout)
  125     26     26     0   100%      8    1.0    277      7.6     50%      1         1  yes
  126      2      2     0   100%      8    1.0     37      0.6     50%      2         1  yes (human_requested)
  127     31     31     0   100%      8    1.0    335     26.7     52%      8         8  yes
  128     23     23     0   100%      8    1.0    255     17.7     70%      5         5  yes
  129      2      2     0   100%      8    1.0     37      2.1     50%      2         1  yes (human_requested)
  130     25     25     0   100%      8    1.0    269     13.0     88%      2         2  yes
  131     26     25     0   100%      8    1.0    277     14.4     65%      8         5  yes (human_requested)
  132     18     18     0   100%      8    1.0    200      6.1     94%      1         1  yes
  133     15     15     0   100%      8    1.0    172      3.4     80%      2         2  yes
  134     15     15     0   100%      8    1.0    170      6.4     80%      2         2  yes
  135     26     26     0   100%      8    1.0    279      7.6     92%      2         2  yes
  136      2      2     0   100%      8    1.0     37      1.0     50%      2         0  yes (human_requested)
  137      6      6     0   100%      8    1.0     82      2.0    100%      0         0  yes
  138     24     24     0   100%      8    1.0    258      9.4     83%      3         3  yes
  139     15     15     0   100%      8    1.0    173      5.4     80%      2         2  yes
  140     19     19     0   100%      8    1.0    216      2.1     74%      3         3  yes
  141     22     22     0   100%      8    1.0    246     12.0     73%      4         4  yes
  142     18     18     0   100%      8    1.0    203      1.1     83%      2         2  yes
  143     12     12     0   100%      8    1.0    137      3.1     75%      2         2  yes
  144     26     25     0   100%      8    1.0    277     16.8     85%      6         3  yes (human_requested)
  145     24     24     0   100%      8    1.0    263      4.6     71%      4         4  yes
  146     15     15     0   100%      8    1.0    175      3.0     80%      2         2  yes
  147     19     19     0   100%      8    1.0    214     11.3     63%      4         4  yes
  148     16     16     0   100%      8    1.0    182      2.9     81%      3         3  no (collision)
  149     22     22     0   100%      8    1.0    246      7.5     91%      2         2  yes
  150     18     18     0   100%      8    1.0    197      3.2     83%      2         2  yes
  151     21     21     0   100%      8    1.0    230      8.9     76%      3         3  yes
  152     31     31     0   100%      8    1.0    329      8.2     94%      2         1  yes
  153     15     15     0   100%      8    1.0    175      4.3      0%      0         0  yes
  154     25     25     0   100%      8    1.0    275      4.2     28%      3         2  yes
  155     14     14     0   100%      8    1.0    164      1.2     86%      2         2  yes
  156      7      7     0   100%      8    1.0     89      3.1    100%      0         0  yes
  157     15     15     0   100%      8    1.0    173      4.3     93%      1         1  yes
  158     28     28     0   100%      8    1.0    301      3.6     93%      2         2  yes
  159     38     37     0   100%      8    1.0    397     29.2     71%     12         7  yes (human_requested)
  160      2      2     0   100%      8    1.0     37      0.3     50%      2         1  yes (human_requested)
  161     16     16     0   100%      8    1.0    185      3.2     81%      2         2  yes
  162      2      2     0   100%      8    1.0     37      0.4     50%      2         0  yes (human_requested)
  163     13     13     0   100%      8    1.0    149      2.0     92%      1         1  yes
  164     23     22     0   100%      8    1.0    247     17.7     65%      7         5  yes (human_requested)
  165      9      9     0   100%      8    1.0    107      2.4    100%      0         0  yes
  166     26     26     0   100%      8    1.0    282     13.2     81%      4         3  yes
  167     22     22     0   100%      8    1.0    238      6.4      0%      0         0  yes
  168     28     28     0   100%      8    1.0    306      9.9     93%      2         1  yes
  169     18     18     0   100%      8    1.0    205      6.1     83%      2         2  yes
  170     17     17     0   100%      8    1.0    190      8.1     94%      1         1  yes
  171     16     16     0   100%      8    1.0    179      1.1     88%      2         2  yes
  172     23     22     0   100%      8    1.0    247     15.3     74%      6         4  yes (human_requested)
  173     11     11     0   100%      8    1.0    132      3.9     91%      1         1  yes
  174     11     11     0   100%      8    1.0    132      0.7     91%      1         1  yes
  175      2      2     0   100%      8    1.0     37      1.2     50%      2         0  yes (human_requested)
  176     31     31     0   100%      8    1.0    334     18.3     35%      5         3  yes
  177     11     11     0   100%      8    1.0    134      1.0     91%      1         1  yes
  178      2      2     0   100%      8    1.0     37      0.5     50%      2         1  yes (human_requested)
  179     16     16     0   100%      8    1.0    182      4.8      0%      0         0  yes
  180     24     24     0   100%      8    1.0    261      4.7     29%      3         2  yes
  181     12     12     0   100%      8    1.0    142      0.7     83%      2         2  yes
  182     16     16     0   100%      8    1.0    183      1.0     88%      2         1  yes
  183     24     24     0   100%      8    1.0    263     15.1     71%      4         4  yes
  184     15     15     0   100%      8    1.0    172      5.0     93%      1         1  yes
  185     25     25     0   100%      8    1.0    269     11.1     68%      5         5  yes
  186     34     33     0   100%      8    1.0    357     12.0     68%     12         9  yes (human_requested)
  187     31     30     0   100%      8    1.0    327     13.3     48%     11         9  yes (human_requested)
  188     16     16     0   100%      8    1.0    183      7.9     81%      2         2  yes
  189      2      2     0   100%      8    1.0     37      0.8     50%      2         1  yes (human_requested)
  190     16     16     0   100%      8    1.0    178      1.9     94%      1         0  yes
  191     16     16     0   100%      8    1.0    186     10.4     75%      3         2  yes
  192     24     24     0   100%      8    1.0    257      5.2      0%      0         0  yes
  193      2      2     0   100%      8    1.0     37      0.5     50%      2         0  yes (human_requested)
  194     34     33     0   100%      8    1.0    357     31.8     62%     12         7  yes (human_requested)
  195     23     23     0   100%      8    1.0    248      5.6     30%      4         3  yes
  196     26     25     0   100%      8    1.0    277     14.4     81%      6         4  yes (human_requested)
  197     32     32     0   100%      8    1.0    339      4.0     84%      4         4  yes
  198     18     18     0   100%      8    1.0    202      5.6     72%      3         3  yes
  199      2      2     0   100%      8    1.0     37      1.4     50%      2         1  yes (human_requested)
  200      7      7     0   100%      8    1.0     89      1.5    100%      0         0  yes
  agree: ticks whose action matched the verified scripted rules (2847/3966 = 72% over the run). recov: recoveries ordered; unwanted: those the rules would not have ordered (522 of 673).
  ticks: assessments made. tree/llm: how each was answered. age: mean control cycles between
  a report being taken and its verdict acted on (1 is a tree hit, 3-18 a model call, depending on
  the model, the prefix cache and the pacing).

=== The policy the robot is running on ===
  hold=no
    stopped=brief
      blocked=static
        route=none
          NOMINAL -> REQUEST_HUMAN [support 2 in 2 ep, fires 6, 8 ok / 0 bad]
    stopped=no
      blocked=clear
        NOMINAL -> CONTINUE [support 9 in 2 ep, fires 1562, 0 ok / 328 bad]
      blocked=dynamic
        NOMINAL -> WAIT [support 2 in 2 ep, fires 515, 161 ok / 1 bad]
      blocked=static
        route=none
          NOMINAL -> REQUEST_HUMAN [support 2 in 2 ep, fires 13, 15 ok / 0 bad]
        route=ok
          contact=clear
            approach=?
              reversing=long
                REVERSE_TRACKING -> REPLAN_ROUTE [support 2 in 2 ep, fires 22, 14 ok / 3 bad]
              reversing=no
                NOMINAL -> REPLAN_ROUTE [support 2 in 2 ep, fires 83, 53 ok / 16 bad]
  hold=yes
    stopped=no
      blocked=clear
        NOMINAL -> CONTINUE [support 3 in 2 ep, fires 62, 0 ok / 0 bad]
      blocked=dynamic
        NOMINAL -> CONTINUE [support 2 in 2 ep, fires 1655, 0 ok / 0 bad]

  8 active rule(s), 0 retired, over 200 episode(s) of history.

=== What changed in the tree this run ===
  [ep 1 step 25] insert: no/no/static -> NOMINAL/REPLAN_ROUTE
  [ep 1 step 45] insert: yes/no/dynamic -> NOMINAL/CONTINUE
  [ep 1 step 55] insert: yes/no/clear -> NOMINAL/CONTINUE
  [ep 1 step 75] insert: no/no/clear -> NOMINAL/CONTINUE
  [ep 2 step 25] refine: no/no/static/ok/clear/?/long -> REVERSE_TRACKING/REPLAN_ROUTE
  [ep 2 step 145] insert: no/no/dynamic -> NOMINAL/WAIT
  [ep 3 step 35] insert: no/no/static/none -> NOMINAL/REQUEST_HUMAN
  [ep 4 step 35] no/no/static/ok/clear/?/no -> REPLAN_ROUTE did not help (1/1000000) -- superseded by WAIT after only 0.4 m
  [ep 5 step 125] no/no/clear -> NOMINAL/CONTINUE did nothing about a report that meets the REVERSE_TRACKING test (1/1000000)
  [ep 5 step 135] no/no/clear -> NOMINAL/CONTINUE did nothing about a report that meets the REVERSE_TRACKING test (2/1000000)
  [ep 5 step 145] no/no/clear -> NOMINAL/CONTINUE did nothing about a report that meets the REVERSE_TRACKING test (3/1000000)
  [ep 5 step 155] no/no/clear -> NOMINAL/CONTINUE did nothing about a report that meets the REVERSE_TRACKING test (4/1000000)
  [ep 5 step 165] no/no/clear -> NOMINAL/CONTINUE did nothing about a report that meets the REVERSE_TRACKING test (5/1000000)
  [ep 5 step 175] no/no/clear -> NOMINAL/CONTINUE did nothing about a report that meets the REVERSE_TRACKING test (6/1000000)
  [ep 5 step 185] no/no/clear -> NOMINAL/CONTINUE did nothing about a report that meets the REVERSE_TRACKING test (7/1000000)
  [ep 5 step 195] no/no/clear -> NOMINAL/CONTINUE did nothing about a report that meets the REVERSE_TRACKING test (8/1000000)
  [ep 5 step 205] no/no/clear -> NOMINAL/CONTINUE did nothing about a report that meets the REVERSE_TRACKING test (9/1000000)
  [ep 5 step 215] no/no/clear -> NOMINAL/CONTINUE did nothing about a report that meets the REVERSE_TRACKING test (10/1000000)
  [ep 5 step 225] no/no/clear -> NOMINAL/CONTINUE did nothing about a report that meets the REVERSE_TRACKING test (11/1000000)
  [ep 5 step 235] no/no/clear -> NOMINAL/CONTINUE did nothing about a report that meets the REVERSE_TRACKING test (12/1000000)
  [ep 8 step 35] no/no/static/ok/clear/?/no -> REPLAN_ROUTE did not help (2/1000000) -- superseded by WAIT after only 0.9 m
  [ep 12 step 145] no/no/clear -> NOMINAL/CONTINUE did nothing about a report that meets the REVERSE_TRACKING test (13/1000000)
  [ep 12 step 155] no/no/clear -> NOMINAL/CONTINUE did nothing about a report that meets the REVERSE_TRACKING test (14/1000000)
  [ep 12 step 165] no/no/clear -> NOMINAL/CONTINUE did nothing about a report that meets the REVERSE_TRACKING test (15/1000000)
  [ep 12 step 175] no/no/clear -> NOMINAL/CONTINUE did nothing about a report that meets the REVERSE_TRACKING test (16/1000000)
  [ep 12 step 185] no/no/clear -> NOMINAL/CONTINUE did nothing about a report that meets the REVERSE_TRACKING test (17/1000000)
  [ep 12 step 195] no/no/clear -> NOMINAL/CONTINUE did nothing about a report that meets the REVERSE_TRACKING test (18/1000000)
  [ep 12 step 205] no/no/clear -> NOMINAL/CONTINUE did nothing about a report that meets the REVERSE_TRACKING test (19/1000000)
  [ep 12 step 215] no/no/clear -> NOMINAL/CONTINUE did nothing about a report that meets the REVERSE_TRACKING test (20/1000000)
  [ep 12 step 225] no/no/clear -> NOMINAL/CONTINUE did nothing about a report that meets the REVERSE_TRACKING test (21/1000000)
  [ep 12 step 235] no/no/clear -> NOMINAL/CONTINUE did nothing about a report that meets the REVERSE_TRACKING test (22/1000000)
  [ep 12 step 245] no/no/clear -> NOMINAL/CONTINUE did nothing about a report that meets the REVERSE_TRACKING test (23/1000000)
  [ep 12 step 255] no/no/clear -> NOMINAL/CONTINUE did nothing about a report that meets the REVERSE_TRACKING test (24/1000000)
  [ep 12 step 265] no/no/clear -> NOMINAL/CONTINUE did nothing about a report that meets the REVERSE_TRACKING test (25/1000000)
  [ep 12 step 405] no/no/clear -> NOMINAL/CONTINUE did nothing about a report that meets the REVERSE_TRACKING test (26/1000000)
  [ep 12 step 415] no/no/clear -> NOMINAL/CONTINUE did nothing about a report that meets the REVERSE_TRACKING test (27/1000000)
  [ep 12 step 425] no/no/clear -> NOMINAL/CONTINUE did nothing about a report that meets the REVERSE_TRACKING test (28/1000000)
  [ep 15 step 25] no/no/clear -> NOMINAL/CONTINUE did nothing about a report that meets the REVERSE_TRACKING test (29/1000000)
  [ep 15 step 35] no/no/clear -> NOMINAL/CONTINUE did nothing about a report that meets the REVERSE_TRACKING test (30/1000000)
  [ep 15 step 45] no/no/clear -> NOMINAL/CONTINUE did nothing about a report that meets the REVERSE_TRACKING test (31/1000000)
  [ep 15 step 55] no/no/clear -> NOMINAL/CONTINUE did nothing about a report that meets the REVERSE_TRACKING test (32/1000000)
  [ep 15 step 65] no/no/clear -> NOMINAL/CONTINUE did nothing about a report that meets the REVERSE_TRACKING test (33/1000000)
  [ep 15 step 75] no/no/clear -> NOMINAL/CONTINUE did nothing about a report that meets the REVERSE_TRACKING test (34/1000000)
  [ep 15 step 85] no/no/clear -> NOMINAL/CONTINUE did nothing about a report that meets the REVERSE_TRACKING test (35/1000000)
  [ep 15 step 95] no/no/clear -> NOMINAL/CONTINUE did nothing about a report that meets the REVERSE_TRACKING test (36/1000000)
  [ep 15 step 105] no/no/clear -> NOMINAL/CONTINUE did nothing about a report that meets the REVERSE_TRACKING test (37/1000000)
  [ep 15 step 115] no/no/clear -> NOMINAL/CONTINUE did nothing about a report that meets the REVERSE_TRACKING test (38/1000000)
  [ep 15 step 125] no/no/clear -> NOMINAL/CONTINUE did nothing about a report that meets the REVERSE_TRACKING test (39/1000000)
  [ep 15 step 135] no/no/clear -> NOMINAL/CONTINUE did nothing about a report that meets the REVERSE_TRACKING test (40/1000000)
  [ep 15 step 145] no/no/clear -> NOMINAL/CONTINUE did nothing about a report that meets the REVERSE_TRACKING test (41/1000000)
  [ep 15 step 155] no/no/clear -> NOMINAL/CONTINUE did nothing about a report that meets the REVERSE_TRACKING test (42/1000000)
  [ep 15 step 165] no/no/clear -> NOMINAL/CONTINUE did nothing about a report that meets the REVERSE_TRACKING test (43/1000000)
  [ep 15 step 175] no/no/clear -> NOMINAL/CONTINUE did nothing about a report that meets the REVERSE_TRACKING test (44/1000000)
  [ep 15 step 185] no/no/clear -> NOMINAL/CONTINUE did nothing about a report that meets the REVERSE_TRACKING test (45/1000000)
  [ep 15 step 195] no/no/clear -> NOMINAL/CONTINUE did nothing about a report that meets the REVERSE_TRACKING test (46/1000000)
  [ep 15 step 205] no/no/clear -> NOMINAL/CONTINUE did nothing about a report that meets the REVERSE_TRACKING test (47/1000000)
  [ep 15 step 215] no/no/clear -> NOMINAL/CONTINUE did nothing about a report that meets the REVERSE_TRACKING test (48/1000000)
  [ep 15 step 225] no/no/clear -> NOMINAL/CONTINUE did nothing about a report that meets the REVERSE_TRACKING test (49/1000000)
  [ep 15 step 235] no/no/clear -> NOMINAL/CONTINUE did nothing about a report that meets the REVERSE_TRACKING test (50/1000000)
  [ep 16 step 325] no/no/clear -> NOMINAL/CONTINUE did nothing about a report that meets the REVERSE_TRACKING test (51/1000000)
  [ep 16 step 335] no/no/clear -> NOMINAL/CONTINUE did nothing about a report that meets the REVERSE_TRACKING test (52/1000000)
  [ep 16 step 345] no/no/clear -> NOMINAL/CONTINUE did nothing about a report that meets the REVERSE_TRACKING test (53/1000000)
  [ep 16 step 355] no/no/clear -> NOMINAL/CONTINUE did nothing about a report that meets the REVERSE_TRACKING test (54/1000000)
  [ep 16 step 365] no/no/clear -> NOMINAL/CONTINUE did nothing about a report that meets the REVERSE_TRACKING test (55/1000000)
  [ep 16 step 375] no/no/clear -> NOMINAL/CONTINUE did nothing about a report that meets the REVERSE_TRACKING test (56/1000000)
  [ep 18 step 65] no/no/static/ok/clear/?/long -> REPLAN_ROUTE did not help (1/1000000) -- superseded by WAIT after only 0.0 m
  [ep 21 step 25] no/no/clear -> NOMINAL/CONTINUE did nothing about a report that meets the REVERSE_TRACKING test (57/1000000)
  [ep 21 step 35] no/no/clear -> NOMINAL/CONTINUE did nothing about a report that meets the REVERSE_TRACKING test (58/1000000)
  [ep 21 step 165] no/no/clear -> NOMINAL/CONTINUE did nothing about a report that meets the REVERSE_TRACKING test (59/1000000)
  [ep 21 step 175] no/no/clear -> NOMINAL/CONTINUE did nothing about a report that meets the REVERSE_TRACKING test (60/1000000)
  [ep 21 step 185] no/no/clear -> NOMINAL/CONTINUE did nothing about a report that meets the REVERSE_TRACKING test (61/1000000)
  [ep 21 step 195] no/no/clear -> NOMINAL/CONTINUE did nothing about a report that meets the REVERSE_TRACKING test (62/1000000)
  [ep 21 step 205] no/no/clear -> NOMINAL/CONTINUE did nothing about a report that meets the REVERSE_TRACKING test (63/1000000)
  [ep 21 step 215] no/no/clear -> NOMINAL/CONTINUE did nothing about a report that meets the REVERSE_TRACKING test (64/1000000)
  [ep 21 step 225] no/no/clear -> NOMINAL/CONTINUE did nothing about a report that meets the REVERSE_TRACKING test (65/1000000)
  [ep 21 step 235] no/no/clear -> NOMINAL/CONTINUE did nothing about a report that meets the REVERSE_TRACKING test (66/1000000)
  [ep 21 step 245] no/no/clear -> NOMINAL/CONTINUE did nothing about a report that meets the REVERSE_TRACKING test (67/1000000)
  [ep 21 step 255] no/no/clear -> NOMINAL/CONTINUE did nothing about a report that meets the REVERSE_TRACKING test (68/1000000)
  [ep 21 step 265] no/no/clear -> NOMINAL/CONTINUE did nothing about a report that meets the REVERSE_TRACKING test (69/1000000)
  [ep 32 step 35] no/no/static/ok/clear/?/no -> REPLAN_ROUTE did not help (3/1000000) -- superseded by WAIT after only 0.5 m
  [ep 35 step 35] insert: no/brief/static/none -> NOMINAL/REQUEST_HUMAN
  [ep 40 step 55] no/no/static/ok/clear/?/long -> REPLAN_ROUTE did not help (2/1000000) -- superseded by WAIT after only 0.0 m
  [ep 49 step 35] no/no/static/ok/clear/?/no -> REPLAN_ROUTE did not help (4/1000000) -- superseded by WAIT after only 0.6 m
  [ep 53 step 25] no/no/clear -> NOMINAL/CONTINUE did nothing about a report that meets the REVERSE_TRACKING test (70/1000000)
  [ep 53 step 155] no/no/clear -> NOMINAL/CONTINUE did nothing about a report that meets the REVERSE_TRACKING test (71/1000000)
  [ep 53 step 165] no/no/clear -> NOMINAL/CONTINUE did nothing about a report that meets the REVERSE_TRACKING test (72/1000000)
  [ep 53 step 175] no/no/clear -> NOMINAL/CONTINUE did nothing about a report that meets the REVERSE_TRACKING test (73/1000000)
  [ep 53 step 185] no/no/clear -> NOMINAL/CONTINUE did nothing about a report that meets the REVERSE_TRACKING test (74/1000000)
  [ep 53 step 195] no/no/clear -> NOMINAL/CONTINUE did nothing about a report that meets the REVERSE_TRACKING test (75/1000000)
  [ep 53 step 205] no/no/clear -> NOMINAL/CONTINUE did nothing about a report that meets the REVERSE_TRACKING test (76/1000000)
  [ep 53 step 215] no/no/clear -> NOMINAL/CONTINUE did nothing about a report that meets the REVERSE_TRACKING test (77/1000000)
  [ep 53 step 225] no/no/clear -> NOMINAL/CONTINUE did nothing about a report that meets the REVERSE_TRACKING test (78/1000000)
  [ep 53 step 235] no/no/clear -> NOMINAL/CONTINUE did nothing about a report that meets the REVERSE_TRACKING test (79/1000000)
  [ep 53 step 245] no/no/clear -> NOMINAL/CONTINUE did nothing about a report that meets the REVERSE_TRACKING test (80/1000000)
  [ep 53 step 255] no/no/clear -> NOMINAL/CONTINUE did nothing about a report that meets the REVERSE_TRACKING test (81/1000000)
  [ep 53 step 265] no/no/clear -> NOMINAL/CONTINUE did nothing about a report that meets the REVERSE_TRACKING test (82/1000000)
  [ep 56 step 35] no/no/static/ok/clear/?/no -> REPLAN_ROUTE did not help (5/1000000) -- superseded by WAIT after only 0.5 m
  [ep 63 step 45] no/no/static/ok/clear/?/no -> REPLAN_ROUTE did not help (6/1000000) -- superseded by WAIT after only 0.0 m
  [ep 64 step 25] no/no/clear -> NOMINAL/CONTINUE did nothing about a report that meets the REVERSE_TRACKING test (83/1000000)
  [ep 64 step 35] no/no/clear -> NOMINAL/CONTINUE did nothing about a report that meets the REVERSE_TRACKING test (84/1000000)
  [ep 64 step 45] no/no/clear -> NOMINAL/CONTINUE did nothing about a report that meets the REVERSE_TRACKING test (85/1000000)
  [ep 64 step 55] no/no/clear -> NOMINAL/CONTINUE did nothing about a report that meets the REVERSE_TRACKING test (86/1000000)
  [ep 64 step 65] no/no/clear -> NOMINAL/CONTINUE did nothing about a report that meets the REVERSE_TRACKING test (87/1000000)
  [ep 64 step 265] no/no/clear -> NOMINAL/CONTINUE did nothing about a report that meets the REVERSE_TRACKING test (88/1000000)
  [ep 64 step 275] no/no/clear -> NOMINAL/CONTINUE did nothing about a report that meets the REVERSE_TRACKING test (89/1000000)
  [ep 64 step 285] no/no/clear -> NOMINAL/CONTINUE did nothing about a report that meets the REVERSE_TRACKING test (90/1000000)
  [ep 64 step 295] no/no/clear -> NOMINAL/CONTINUE did nothing about a report that meets the REVERSE_TRACKING test (91/1000000)
  [ep 64 step 305] no/no/clear -> NOMINAL/CONTINUE did nothing about a report that meets the REVERSE_TRACKING test (92/1000000)
  [ep 64 step 315] no/no/clear -> NOMINAL/CONTINUE did nothing about a report that meets the REVERSE_TRACKING test (93/1000000)
  [ep 64 step 325] no/no/clear -> NOMINAL/CONTINUE did nothing about a report that meets the REVERSE_TRACKING test (94/1000000)
  [ep 64 step 335] no/no/clear -> NOMINAL/CONTINUE did nothing about a report that meets the REVERSE_TRACKING test (95/1000000)
  [ep 68 step 45] no/no/clear -> NOMINAL/CONTINUE did nothing about a report that meets the REVERSE_TRACKING test (96/1000000)
  [ep 68 step 55] no/no/clear -> NOMINAL/CONTINUE did nothing about a report that meets the REVERSE_TRACKING test (97/1000000)
  [ep 68 step 65] no/no/clear -> NOMINAL/CONTINUE did nothing about a report that meets the REVERSE_TRACKING test (98/1000000)
  [ep 68 step 75] no/no/clear -> NOMINAL/CONTINUE did nothing about a report that meets the REVERSE_TRACKING test (99/1000000)
  [ep 68 step 85] no/no/clear -> NOMINAL/CONTINUE did nothing about a report that meets the REVERSE_TRACKING test (100/1000000)
  [ep 68 step 275] no/no/clear -> NOMINAL/CONTINUE did nothing about a report that meets the REVERSE_TRACKING test (101/1000000)
  [ep 68 step 285] no/no/clear -> NOMINAL/CONTINUE did nothing about a report that meets the REVERSE_TRACKING test (102/1000000)
  [ep 68 step 295] no/no/clear -> NOMINAL/CONTINUE did nothing about a report that meets the REVERSE_TRACKING test (103/1000000)
  [ep 68 step 305] no/no/clear -> NOMINAL/CONTINUE did nothing about a report that meets the REVERSE_TRACKING test (104/1000000)
  [ep 68 step 315] no/no/clear -> NOMINAL/CONTINUE did nothing about a report that meets the REVERSE_TRACKING test (105/1000000)
  [ep 68 step 325] no/no/clear -> NOMINAL/CONTINUE did nothing about a report that meets the REVERSE_TRACKING test (106/1000000)
  [ep 68 step 335] no/no/clear -> NOMINAL/CONTINUE did nothing about a report that meets the REVERSE_TRACKING test (107/1000000)
  [ep 72 step 35] no/no/static/ok/clear/?/no -> REPLAN_ROUTE did not help (7/1000000) -- superseded by WAIT after only 0.6 m
  [ep 87 step 35] no/no/static/ok/clear/?/no -> REPLAN_ROUTE did not help (8/1000000) -- superseded by WAIT after only 0.5 m
  [ep 89 step 55] no/no/static/ok/clear/?/no -> REPLAN_ROUTE did not help (9/1000000) -- superseded by WAIT after only 0.0 m
  [ep 95 step 125] no/no/clear -> NOMINAL/CONTINUE did nothing about a report that meets the REVERSE_TRACKING test (108/1000000)
  [ep 95 step 135] no/no/clear -> NOMINAL/CONTINUE did nothing about a report that meets the REVERSE_TRACKING test (109/1000000)
  [ep 95 step 145] no/no/clear -> NOMINAL/CONTINUE did nothing about a report that meets the REVERSE_TRACKING test (110/1000000)
  [ep 95 step 155] no/no/clear -> NOMINAL/CONTINUE did nothing about a report that meets the REVERSE_TRACKING test (111/1000000)
  [ep 95 step 165] no/no/clear -> NOMINAL/CONTINUE did nothing about a report that meets the REVERSE_TRACKING test (112/1000000)
  [ep 95 step 175] no/no/clear -> NOMINAL/CONTINUE did nothing about a report that meets the REVERSE_TRACKING test (113/1000000)
  [ep 95 step 185] no/no/clear -> NOMINAL/CONTINUE did nothing about a report that meets the REVERSE_TRACKING test (114/1000000)
  [ep 95 step 195] no/no/clear -> NOMINAL/CONTINUE did nothing about a report that meets the REVERSE_TRACKING test (115/1000000)
  [ep 95 step 205] no/no/clear -> NOMINAL/CONTINUE did nothing about a report that meets the REVERSE_TRACKING test (116/1000000)
  [ep 95 step 215] no/no/clear -> NOMINAL/CONTINUE did nothing about a report that meets the REVERSE_TRACKING test (117/1000000)
  [ep 95 step 225] no/no/clear -> NOMINAL/CONTINUE did nothing about a report that meets the REVERSE_TRACKING test (118/1000000)
  [ep 95 step 235] no/no/clear -> NOMINAL/CONTINUE did nothing about a report that meets the REVERSE_TRACKING test (119/1000000)
  [ep 95 step 245] no/no/clear -> NOMINAL/CONTINUE did nothing about a report that meets the REVERSE_TRACKING test (120/1000000)
  [ep 97 step 55] no/no/clear -> NOMINAL/CONTINUE did nothing about a report that meets the REVERSE_TRACKING test (121/1000000)
  [ep 97 step 65] no/no/clear -> NOMINAL/CONTINUE did nothing about a report that meets the REVERSE_TRACKING test (122/1000000)
  [ep 97 step 75] no/no/clear -> NOMINAL/CONTINUE did nothing about a report that meets the REVERSE_TRACKING test (123/1000000)
  [ep 97 step 85] no/no/clear -> NOMINAL/CONTINUE did nothing about a report that meets the REVERSE_TRACKING test (124/1000000)
  [ep 97 step 95] no/no/clear -> NOMINAL/CONTINUE did nothing about a report that meets the REVERSE_TRACKING test (125/1000000)
  [ep 97 step 105] no/no/clear -> NOMINAL/CONTINUE did nothing about a report that meets the REVERSE_TRACKING test (126/1000000)
  [ep 97 step 115] no/no/clear -> NOMINAL/CONTINUE did nothing about a report that meets the REVERSE_TRACKING test (127/1000000)
  [ep 97 step 125] no/no/clear -> NOMINAL/CONTINUE did nothing about a report that meets the REVERSE_TRACKING test (128/1000000)
  [ep 97 step 235] no/no/clear -> NOMINAL/CONTINUE did nothing about a report that meets the REVERSE_TRACKING test (129/1000000)
  [ep 97 step 245] no/no/clear -> NOMINAL/CONTINUE did nothing about a report that meets the REVERSE_TRACKING test (130/1000000)
  [ep 97 step 255] no/no/clear -> NOMINAL/CONTINUE did nothing about a report that meets the REVERSE_TRACKING test (131/1000000)
  [ep 97 step 265] no/no/clear -> NOMINAL/CONTINUE did nothing about a report that meets the REVERSE_TRACKING test (132/1000000)
  [ep 97 step 275] no/no/clear -> NOMINAL/CONTINUE did nothing about a report that meets the REVERSE_TRACKING test (133/1000000)
  [ep 97 step 285] no/no/clear -> NOMINAL/CONTINUE did nothing about a report that meets the REVERSE_TRACKING test (134/1000000)
  [ep 97 step 295] no/no/clear -> NOMINAL/CONTINUE did nothing about a report that meets the REVERSE_TRACKING test (135/1000000)
  [ep 97 step 305] no/no/clear -> NOMINAL/CONTINUE did nothing about a report that meets the REVERSE_TRACKING test (136/1000000)
  [ep 97 step 315] no/no/clear -> NOMINAL/CONTINUE did nothing about a report that meets the REVERSE_TRACKING test (137/1000000)
  [ep 97 step 325] no/no/clear -> NOMINAL/CONTINUE did nothing about a report that meets the REVERSE_TRACKING test (138/1000000)
  [ep 97 step 335] no/no/clear -> NOMINAL/CONTINUE did nothing about a report that meets the REVERSE_TRACKING test (139/1000000)
  [ep 97 step 345] no/no/clear -> NOMINAL/CONTINUE did nothing about a report that meets the REVERSE_TRACKING test (140/1000000)
  [ep 97 step 355] no/no/clear -> NOMINAL/CONTINUE did nothing about a report that meets the REVERSE_TRACKING test (141/1000000)
  [ep 97 step 365] no/no/clear -> NOMINAL/CONTINUE did nothing about a report that meets the REVERSE_TRACKING test (142/1000000)
  [ep 97 step 375] no/no/clear -> NOMINAL/CONTINUE did nothing about a report that meets the REVERSE_TRACKING test (143/1000000)
  [ep 97 step 385] no/no/clear -> NOMINAL/CONTINUE did nothing about a report that meets the REVERSE_TRACKING test (144/1000000)
  [ep 97 step 395] no/no/clear -> NOMINAL/CONTINUE did nothing about a report that meets the REVERSE_TRACKING test (145/1000000)
  [ep 99 step 55] no/no/static/ok/clear/?/long -> REPLAN_ROUTE did not help (3/1000000) -- superseded by WAIT after only 0.0 m
  [ep 104 step 35] no/no/static/ok/clear/?/no -> REPLAN_ROUTE did not help (10/1000000) -- superseded by WAIT after only 0.9 m
  [ep 108 step 155] no/no/clear -> NOMINAL/CONTINUE did nothing about a report that meets the REVERSE_TRACKING test (146/1000000)
  [ep 108 step 165] no/no/clear -> NOMINAL/CONTINUE did nothing about a report that meets the REVERSE_TRACKING test (147/1000000)
  [ep 108 step 175] no/no/clear -> NOMINAL/CONTINUE did nothing about a report that meets the REVERSE_TRACKING test (148/1000000)
  [ep 108 step 185] no/no/clear -> NOMINAL/CONTINUE did nothing about a report that meets the REVERSE_TRACKING test (149/1000000)
  [ep 108 step 195] no/no/clear -> NOMINAL/CONTINUE did nothing about a report that meets the REVERSE_TRACKING test (150/1000000)
  [ep 108 step 205] no/no/clear -> NOMINAL/CONTINUE did nothing about a report that meets the REVERSE_TRACKING test (151/1000000)
  [ep 108 step 215] no/no/clear -> NOMINAL/CONTINUE did nothing about a report that meets the REVERSE_TRACKING test (152/1000000)
  [ep 108 step 225] no/no/clear -> NOMINAL/CONTINUE did nothing about a report that meets the REVERSE_TRACKING test (153/1000000)
  [ep 108 step 235] no/no/clear -> NOMINAL/CONTINUE did nothing about a report that meets the REVERSE_TRACKING test (154/1000000)
  [ep 108 step 245] no/no/clear -> NOMINAL/CONTINUE did nothing about a report that meets the REVERSE_TRACKING test (155/1000000)
  [ep 108 step 255] no/no/clear -> NOMINAL/CONTINUE did nothing about a report that meets the REVERSE_TRACKING test (156/1000000)
  [ep 108 step 265] no/no/clear -> NOMINAL/CONTINUE did nothing about a report that meets the REVERSE_TRACKING test (157/1000000)
  [ep 108 step 275] no/no/clear -> NOMINAL/CONTINUE did nothing about a report that meets the REVERSE_TRACKING test (158/1000000)
  [ep 120 step 185] no/no/clear -> NOMINAL/CONTINUE did nothing about a report that meets the REVERSE_TRACKING test (159/1000000)
  [ep 120 step 195] no/no/clear -> NOMINAL/CONTINUE did nothing about a report that meets the REVERSE_TRACKING test (160/1000000)
  [ep 120 step 205] no/no/clear -> NOMINAL/CONTINUE did nothing about a report that meets the REVERSE_TRACKING test (161/1000000)
  [ep 120 step 215] no/no/clear -> NOMINAL/CONTINUE did nothing about a report that meets the REVERSE_TRACKING test (162/1000000)
  [ep 120 step 225] no/no/clear -> NOMINAL/CONTINUE did nothing about a report that meets the REVERSE_TRACKING test (163/1000000)
  [ep 120 step 235] no/no/clear -> NOMINAL/CONTINUE did nothing about a report that meets the REVERSE_TRACKING test (164/1000000)
  [ep 120 step 245] no/no/clear -> NOMINAL/CONTINUE did nothing about a report that meets the REVERSE_TRACKING test (165/1000000)
  [ep 120 step 425] no/no/clear -> NOMINAL/CONTINUE did nothing about a report that meets the REVERSE_TRACKING test (166/1000000)
  [ep 120 step 435] no/no/clear -> NOMINAL/CONTINUE did nothing about a report that meets the REVERSE_TRACKING test (167/1000000)
  [ep 120 step 445] no/no/clear -> NOMINAL/CONTINUE did nothing about a report that meets the REVERSE_TRACKING test (168/1000000)
  [ep 120 step 455] no/no/clear -> NOMINAL/CONTINUE did nothing about a report that meets the REVERSE_TRACKING test (169/1000000)
  [ep 120 step 465] no/no/clear -> NOMINAL/CONTINUE did nothing about a report that meets the REVERSE_TRACKING test (170/1000000)
  [ep 120 step 475] no/no/clear -> NOMINAL/CONTINUE did nothing about a report that meets the REVERSE_TRACKING test (171/1000000)
  [ep 124 step 35] no/no/static/ok/clear/?/no -> REPLAN_ROUTE did not help (11/1000000) -- superseded by WAIT after only 0.0 m
  [ep 124 step 265] no/no/clear -> NOMINAL/CONTINUE did nothing about a report that meets the REVERSE_TRACKING test (172/1000000)
  [ep 124 step 275] no/no/clear -> NOMINAL/CONTINUE did nothing about a report that meets the REVERSE_TRACKING test (173/1000000)
  [ep 124 step 285] no/no/clear -> NOMINAL/CONTINUE did nothing about a report that meets the REVERSE_TRACKING test (174/1000000)
  [ep 124 step 295] no/no/clear -> NOMINAL/CONTINUE did nothing about a report that meets the REVERSE_TRACKING test (175/1000000)
  [ep 124 step 305] no/no/clear -> NOMINAL/CONTINUE did nothing about a report that meets the REVERSE_TRACKING test (176/1000000)
  [ep 124 step 315] no/no/clear -> NOMINAL/CONTINUE did nothing about a report that meets the REVERSE_TRACKING test (177/1000000)
  [ep 124 step 325] no/no/clear -> NOMINAL/CONTINUE did nothing about a report that meets the REVERSE_TRACKING test (178/1000000)
  [ep 124 step 335] no/no/clear -> NOMINAL/CONTINUE did nothing about a report that meets the REVERSE_TRACKING test (179/1000000)
  [ep 124 step 345] no/no/clear -> NOMINAL/CONTINUE did nothing about a report that meets the REVERSE_TRACKING test (180/1000000)
  [ep 124 step 355] no/no/clear -> NOMINAL/CONTINUE did nothing about a report that meets the REVERSE_TRACKING test (181/1000000)
  [ep 124 step 365] no/no/clear -> NOMINAL/CONTINUE did nothing about a report that meets the REVERSE_TRACKING test (182/1000000)
  [ep 125 step 165] no/no/clear -> NOMINAL/CONTINUE did nothing about a report that meets the REVERSE_TRACKING test (183/1000000)
  [ep 125 step 175] no/no/clear -> NOMINAL/CONTINUE did nothing about a report that meets the REVERSE_TRACKING test (184/1000000)
  [ep 125 step 185] no/no/clear -> NOMINAL/CONTINUE did nothing about a report that meets the REVERSE_TRACKING test (185/1000000)
  [ep 125 step 195] no/no/clear -> NOMINAL/CONTINUE did nothing about a report that meets the REVERSE_TRACKING test (186/1000000)
  [ep 125 step 205] no/no/clear -> NOMINAL/CONTINUE did nothing about a report that meets the REVERSE_TRACKING test (187/1000000)
  [ep 125 step 215] no/no/clear -> NOMINAL/CONTINUE did nothing about a report that meets the REVERSE_TRACKING test (188/1000000)
  [ep 125 step 225] no/no/clear -> NOMINAL/CONTINUE did nothing about a report that meets the REVERSE_TRACKING test (189/1000000)
  [ep 125 step 235] no/no/clear -> NOMINAL/CONTINUE did nothing about a report that meets the REVERSE_TRACKING test (190/1000000)
  [ep 125 step 245] no/no/clear -> NOMINAL/CONTINUE did nothing about a report that meets the REVERSE_TRACKING test (191/1000000)
  [ep 125 step 255] no/no/clear -> NOMINAL/CONTINUE did nothing about a report that meets the REVERSE_TRACKING test (192/1000000)
  [ep 125 step 265] no/no/clear -> NOMINAL/CONTINUE did nothing about a report that meets the REVERSE_TRACKING test (193/1000000)
  [ep 125 step 275] no/no/clear -> NOMINAL/CONTINUE did nothing about a report that meets the REVERSE_TRACKING test (194/1000000)
  [ep 130 step 55] no/no/clear -> NOMINAL/CONTINUE did nothing about a report that meets the OSCILLATION test (195/1000000)
  [ep 148 step 35] no/no/static/ok/clear/?/no -> REPLAN_ROUTE did not help (12/1000000) -- superseded by WAIT after only 0.5 m
  [ep 148 step 175] no/no/dynamic -> WAIT did not help (1/1000000) -- episode ended: collision
  [ep 153 step 25] no/no/clear -> NOMINAL/CONTINUE did nothing about a report that meets the REVERSE_TRACKING test (196/1000000)
  [ep 153 step 35] no/no/clear -> NOMINAL/CONTINUE did nothing about a report that meets the REVERSE_TRACKING test (197/1000000)
  [ep 153 step 45] no/no/clear -> NOMINAL/CONTINUE did nothing about a report that meets the REVERSE_TRACKING test (198/1000000)
  [ep 153 step 55] no/no/clear -> NOMINAL/CONTINUE did nothing about a report that meets the REVERSE_TRACKING test (199/1000000)
  [ep 153 step 65] no/no/clear -> NOMINAL/CONTINUE did nothing about a report that meets the REVERSE_TRACKING test (200/1000000)
  [ep 153 step 75] no/no/clear -> NOMINAL/CONTINUE did nothing about a report that meets the REVERSE_TRACKING test (201/1000000)
  [ep 153 step 85] no/no/clear -> NOMINAL/CONTINUE did nothing about a report that meets the REVERSE_TRACKING test (202/1000000)
  [ep 153 step 95] no/no/clear -> NOMINAL/CONTINUE did nothing about a report that meets the REVERSE_TRACKING test (203/1000000)
  [ep 153 step 105] no/no/clear -> NOMINAL/CONTINUE did nothing about a report that meets the REVERSE_TRACKING test (204/1000000)
  [ep 153 step 115] no/no/clear -> NOMINAL/CONTINUE did nothing about a report that meets the REVERSE_TRACKING test (205/1000000)
  [ep 153 step 125] no/no/clear -> NOMINAL/CONTINUE did nothing about a report that meets the REVERSE_TRACKING test (206/1000000)
  [ep 153 step 135] no/no/clear -> NOMINAL/CONTINUE did nothing about a report that meets the REVERSE_TRACKING test (207/1000000)
  [ep 153 step 145] no/no/clear -> NOMINAL/CONTINUE did nothing about a report that meets the REVERSE_TRACKING test (208/1000000)
  [ep 153 step 155] no/no/clear -> NOMINAL/CONTINUE did nothing about a report that meets the REVERSE_TRACKING test (209/1000000)
  [ep 153 step 165] no/no/clear -> NOMINAL/CONTINUE did nothing about a report that meets the REVERSE_TRACKING test (210/1000000)
  [ep 154 step 25] no/no/clear -> NOMINAL/CONTINUE did nothing about a report that meets the REVERSE_TRACKING test (211/1000000)
  [ep 154 step 135] no/no/clear -> NOMINAL/CONTINUE did nothing about a report that meets the REVERSE_TRACKING test (212/1000000)
  [ep 154 step 145] no/no/clear -> NOMINAL/CONTINUE did nothing about a report that meets the REVERSE_TRACKING test (213/1000000)
  [ep 154 step 155] no/no/clear -> NOMINAL/CONTINUE did nothing about a report that meets the REVERSE_TRACKING test (214/1000000)
  [ep 154 step 165] no/no/clear -> NOMINAL/CONTINUE did nothing about a report that meets the REVERSE_TRACKING test (215/1000000)
  [ep 154 step 175] no/no/clear -> NOMINAL/CONTINUE did nothing about a report that meets the REVERSE_TRACKING test (216/1000000)
  [ep 154 step 185] no/no/clear -> NOMINAL/CONTINUE did nothing about a report that meets the REVERSE_TRACKING test (217/1000000)
  [ep 154 step 195] no/no/clear -> NOMINAL/CONTINUE did nothing about a report that meets the REVERSE_TRACKING test (218/1000000)
  [ep 154 step 205] no/no/clear -> NOMINAL/CONTINUE did nothing about a report that meets the REVERSE_TRACKING test (219/1000000)
  [ep 154 step 215] no/no/clear -> NOMINAL/CONTINUE did nothing about a report that meets the REVERSE_TRACKING test (220/1000000)
  [ep 154 step 225] no/no/clear -> NOMINAL/CONTINUE did nothing about a report that meets the REVERSE_TRACKING test (221/1000000)
  [ep 154 step 235] no/no/clear -> NOMINAL/CONTINUE did nothing about a report that meets the REVERSE_TRACKING test (222/1000000)
  [ep 154 step 245] no/no/clear -> NOMINAL/CONTINUE did nothing about a report that meets the REVERSE_TRACKING test (223/1000000)
  [ep 154 step 255] no/no/clear -> NOMINAL/CONTINUE did nothing about a report that meets the REVERSE_TRACKING test (224/1000000)
  [ep 154 step 265] no/no/clear -> NOMINAL/CONTINUE did nothing about a report that meets the REVERSE_TRACKING test (225/1000000)
  [ep 155 step 35] no/no/static/ok/clear/?/no -> REPLAN_ROUTE did not help (13/1000000) -- superseded by WAIT after only 0.6 m
  [ep 166 step 35] no/no/static/ok/clear/?/no -> REPLAN_ROUTE did not help (14/1000000) -- superseded by WAIT after only 0.9 m
  [ep 167 step 25] no/no/clear -> NOMINAL/CONTINUE did nothing about a report that meets the REVERSE_TRACKING test (226/1000000)
  [ep 167 step 35] no/no/clear -> NOMINAL/CONTINUE did nothing about a report that meets the REVERSE_TRACKING test (227/1000000)
  [ep 167 step 45] no/no/clear -> NOMINAL/CONTINUE did nothing about a report that meets the REVERSE_TRACKING test (228/1000000)
  [ep 167 step 55] no/no/clear -> NOMINAL/CONTINUE did nothing about a report that meets the REVERSE_TRACKING test (229/1000000)
  [ep 167 step 65] no/no/clear -> NOMINAL/CONTINUE did nothing about a report that meets the REVERSE_TRACKING test (230/1000000)
  [ep 167 step 75] no/no/clear -> NOMINAL/CONTINUE did nothing about a report that meets the REVERSE_TRACKING test (231/1000000)
  [ep 167 step 85] no/no/clear -> NOMINAL/CONTINUE did nothing about a report that meets the REVERSE_TRACKING test (232/1000000)
  [ep 167 step 95] no/no/clear -> NOMINAL/CONTINUE did nothing about a report that meets the REVERSE_TRACKING test (233/1000000)
  [ep 167 step 105] no/no/clear -> NOMINAL/CONTINUE did nothing about a report that meets the REVERSE_TRACKING test (234/1000000)
  [ep 167 step 115] no/no/clear -> NOMINAL/CONTINUE did nothing about a report that meets the REVERSE_TRACKING test (235/1000000)
  [ep 167 step 125] no/no/clear -> NOMINAL/CONTINUE did nothing about a report that meets the REVERSE_TRACKING test (236/1000000)
  [ep 167 step 135] no/no/clear -> NOMINAL/CONTINUE did nothing about a report that meets the REVERSE_TRACKING test (237/1000000)
  [ep 167 step 145] no/no/clear -> NOMINAL/CONTINUE did nothing about a report that meets the REVERSE_TRACKING test (238/1000000)
  [ep 167 step 155] no/no/clear -> NOMINAL/CONTINUE did nothing about a report that meets the REVERSE_TRACKING test (239/1000000)
  [ep 167 step 165] no/no/clear -> NOMINAL/CONTINUE did nothing about a report that meets the REVERSE_TRACKING test (240/1000000)
  [ep 167 step 175] no/no/clear -> NOMINAL/CONTINUE did nothing about a report that meets the REVERSE_TRACKING test (241/1000000)
  [ep 167 step 185] no/no/clear -> NOMINAL/CONTINUE did nothing about a report that meets the REVERSE_TRACKING test (242/1000000)
  [ep 167 step 195] no/no/clear -> NOMINAL/CONTINUE did nothing about a report that meets the REVERSE_TRACKING test (243/1000000)
  [ep 167 step 205] no/no/clear -> NOMINAL/CONTINUE did nothing about a report that meets the REVERSE_TRACKING test (244/1000000)
  [ep 167 step 215] no/no/clear -> NOMINAL/CONTINUE did nothing about a report that meets the REVERSE_TRACKING test (245/1000000)
  [ep 167 step 225] no/no/clear -> NOMINAL/CONTINUE did nothing about a report that meets the REVERSE_TRACKING test (246/1000000)
  [ep 167 step 235] no/no/clear -> NOMINAL/CONTINUE did nothing about a report that meets the REVERSE_TRACKING test (247/1000000)
  [ep 171 step 35] no/no/static/ok/clear/?/no -> REPLAN_ROUTE did not help (15/1000000) -- superseded by WAIT after only 0.6 m
  [ep 176 step 25] no/no/clear -> NOMINAL/CONTINUE did nothing about a report that meets the REVERSE_TRACKING test (248/1000000)
  [ep 176 step 35] no/no/clear -> NOMINAL/CONTINUE did nothing about a report that meets the REVERSE_TRACKING test (249/1000000)
  [ep 176 step 145] no/no/clear -> NOMINAL/CONTINUE did nothing about a report that meets the REVERSE_TRACKING test (250/1000000)
  [ep 176 step 155] no/no/clear -> NOMINAL/CONTINUE did nothing about a report that meets the REVERSE_TRACKING test (251/1000000)
  [ep 176 step 165] no/no/clear -> NOMINAL/CONTINUE did nothing about a report that meets the REVERSE_TRACKING test (252/1000000)
  [ep 176 step 175] no/no/clear -> NOMINAL/CONTINUE did nothing about a report that meets the REVERSE_TRACKING test (253/1000000)
  [ep 176 step 185] no/no/clear -> NOMINAL/CONTINUE did nothing about a report that meets the REVERSE_TRACKING test (254/1000000)
  [ep 176 step 195] no/no/clear -> NOMINAL/CONTINUE did nothing about a report that meets the REVERSE_TRACKING test (255/1000000)
  [ep 176 step 205] no/no/clear -> NOMINAL/CONTINUE did nothing about a report that meets the REVERSE_TRACKING test (256/1000000)
  [ep 176 step 215] no/no/clear -> NOMINAL/CONTINUE did nothing about a report that meets the REVERSE_TRACKING test (257/1000000)
  [ep 176 step 225] no/no/clear -> NOMINAL/CONTINUE did nothing about a report that meets the REVERSE_TRACKING test (258/1000000)
  [ep 176 step 235] no/no/clear -> NOMINAL/CONTINUE did nothing about a report that meets the REVERSE_TRACKING test (259/1000000)
  [ep 176 step 245] no/no/clear -> NOMINAL/CONTINUE did nothing about a report that meets the REVERSE_TRACKING test (260/1000000)
  [ep 176 step 255] no/no/clear -> NOMINAL/CONTINUE did nothing about a report that meets the REVERSE_TRACKING test (261/1000000)
  [ep 176 step 265] no/no/clear -> NOMINAL/CONTINUE did nothing about a report that meets the REVERSE_TRACKING test (262/1000000)
  [ep 179 step 25] no/no/clear -> NOMINAL/CONTINUE did nothing about a report that meets the REVERSE_TRACKING test (263/1000000)
  [ep 179 step 35] no/no/clear -> NOMINAL/CONTINUE did nothing about a report that meets the REVERSE_TRACKING test (264/1000000)
  [ep 179 step 45] no/no/clear -> NOMINAL/CONTINUE did nothing about a report that meets the REVERSE_TRACKING test (265/1000000)
  [ep 179 step 55] no/no/clear -> NOMINAL/CONTINUE did nothing about a report that meets the REVERSE_TRACKING test (266/1000000)
  [ep 179 step 65] no/no/clear -> NOMINAL/CONTINUE did nothing about a report that meets the REVERSE_TRACKING test (267/1000000)
  [ep 179 step 75] no/no/clear -> NOMINAL/CONTINUE did nothing about a report that meets the REVERSE_TRACKING test (268/1000000)
  [ep 179 step 85] no/no/clear -> NOMINAL/CONTINUE did nothing about a report that meets the REVERSE_TRACKING test (269/1000000)
  [ep 179 step 95] no/no/clear -> NOMINAL/CONTINUE did nothing about a report that meets the REVERSE_TRACKING test (270/1000000)
  [ep 179 step 105] no/no/clear -> NOMINAL/CONTINUE did nothing about a report that meets the REVERSE_TRACKING test (271/1000000)
  [ep 179 step 115] no/no/clear -> NOMINAL/CONTINUE did nothing about a report that meets the REVERSE_TRACKING test (272/1000000)
  [ep 179 step 125] no/no/clear -> NOMINAL/CONTINUE did nothing about a report that meets the REVERSE_TRACKING test (273/1000000)
  [ep 179 step 135] no/no/clear -> NOMINAL/CONTINUE did nothing about a report that meets the REVERSE_TRACKING test (274/1000000)
  [ep 179 step 145] no/no/clear -> NOMINAL/CONTINUE did nothing about a report that meets the REVERSE_TRACKING test (275/1000000)
  [ep 179 step 155] no/no/clear -> NOMINAL/CONTINUE did nothing about a report that meets the REVERSE_TRACKING test (276/1000000)
  [ep 179 step 165] no/no/clear -> NOMINAL/CONTINUE did nothing about a report that meets the REVERSE_TRACKING test (277/1000000)
  [ep 179 step 175] no/no/clear -> NOMINAL/CONTINUE did nothing about a report that meets the REVERSE_TRACKING test (278/1000000)
  [ep 180 step 125] no/no/clear -> NOMINAL/CONTINUE did nothing about a report that meets the REVERSE_TRACKING test (279/1000000)
  [ep 180 step 135] no/no/clear -> NOMINAL/CONTINUE did nothing about a report that meets the REVERSE_TRACKING test (280/1000000)
  [ep 180 step 145] no/no/clear -> NOMINAL/CONTINUE did nothing about a report that meets the REVERSE_TRACKING test (281/1000000)
  [ep 180 step 155] no/no/clear -> NOMINAL/CONTINUE did nothing about a report that meets the REVERSE_TRACKING test (282/1000000)
  [ep 180 step 165] no/no/clear -> NOMINAL/CONTINUE did nothing about a report that meets the REVERSE_TRACKING test (283/1000000)
  [ep 180 step 175] no/no/clear -> NOMINAL/CONTINUE did nothing about a report that meets the REVERSE_TRACKING test (284/1000000)
  [ep 180 step 185] no/no/clear -> NOMINAL/CONTINUE did nothing about a report that meets the REVERSE_TRACKING test (285/1000000)
  [ep 180 step 195] no/no/clear -> NOMINAL/CONTINUE did nothing about a report that meets the REVERSE_TRACKING test (286/1000000)
  [ep 180 step 205] no/no/clear -> NOMINAL/CONTINUE did nothing about a report that meets the REVERSE_TRACKING test (287/1000000)
  [ep 180 step 215] no/no/clear -> NOMINAL/CONTINUE did nothing about a report that meets the REVERSE_TRACKING test (288/1000000)
  [ep 180 step 225] no/no/clear -> NOMINAL/CONTINUE did nothing about a report that meets the REVERSE_TRACKING test (289/1000000)
  [ep 180 step 235] no/no/clear -> NOMINAL/CONTINUE did nothing about a report that meets the REVERSE_TRACKING test (290/1000000)
  [ep 180 step 245] no/no/clear -> NOMINAL/CONTINUE did nothing about a report that meets the REVERSE_TRACKING test (291/1000000)
  [ep 180 step 255] no/no/clear -> NOMINAL/CONTINUE did nothing about a report that meets the REVERSE_TRACKING test (292/1000000)
  [ep 181 step 35] no/no/static/ok/clear/?/no -> REPLAN_ROUTE did not help (16/1000000) -- superseded by WAIT after only 0.8 m
  [ep 192 step 25] no/no/clear -> NOMINAL/CONTINUE did nothing about a report that meets the REVERSE_TRACKING test (293/1000000)
  [ep 192 step 35] no/no/clear -> NOMINAL/CONTINUE did nothing about a report that meets the REVERSE_TRACKING test (294/1000000)
  [ep 192 step 45] no/no/clear -> NOMINAL/CONTINUE did nothing about a report that meets the REVERSE_TRACKING test (295/1000000)
  [ep 192 step 55] no/no/clear -> NOMINAL/CONTINUE did nothing about a report that meets the REVERSE_TRACKING test (296/1000000)
  [ep 192 step 65] no/no/clear -> NOMINAL/CONTINUE did nothing about a report that meets the REVERSE_TRACKING test (297/1000000)
  [ep 192 step 75] no/no/clear -> NOMINAL/CONTINUE did nothing about a report that meets the REVERSE_TRACKING test (298/1000000)
  [ep 192 step 85] no/no/clear -> NOMINAL/CONTINUE did nothing about a report that meets the REVERSE_TRACKING test (299/1000000)
  [ep 192 step 95] no/no/clear -> NOMINAL/CONTINUE did nothing about a report that meets the REVERSE_TRACKING test (300/1000000)
  [ep 192 step 105] no/no/clear -> NOMINAL/CONTINUE did nothing about a report that meets the REVERSE_TRACKING test (301/1000000)
  [ep 192 step 115] no/no/clear -> NOMINAL/CONTINUE did nothing about a report that meets the REVERSE_TRACKING test (302/1000000)
  [ep 192 step 125] no/no/clear -> NOMINAL/CONTINUE did nothing about a report that meets the REVERSE_TRACKING test (303/1000000)
  [ep 192 step 135] no/no/clear -> NOMINAL/CONTINUE did nothing about a report that meets the REVERSE_TRACKING test (304/1000000)
  [ep 192 step 145] no/no/clear -> NOMINAL/CONTINUE did nothing about a report that meets the REVERSE_TRACKING test (305/1000000)
  [ep 192 step 155] no/no/clear -> NOMINAL/CONTINUE did nothing about a report that meets the REVERSE_TRACKING test (306/1000000)
  [ep 192 step 165] no/no/clear -> NOMINAL/CONTINUE did nothing about a report that meets the REVERSE_TRACKING test (307/1000000)
  [ep 192 step 175] no/no/clear -> NOMINAL/CONTINUE did nothing about a report that meets the REVERSE_TRACKING test (308/1000000)
  [ep 192 step 185] no/no/clear -> NOMINAL/CONTINUE did nothing about a report that meets the REVERSE_TRACKING test (309/1000000)
  [ep 192 step 195] no/no/clear -> NOMINAL/CONTINUE did nothing about a report that meets the REVERSE_TRACKING test (310/1000000)
  [ep 192 step 205] no/no/clear -> NOMINAL/CONTINUE did nothing about a report that meets the REVERSE_TRACKING test (311/1000000)
  [ep 192 step 215] no/no/clear -> NOMINAL/CONTINUE did nothing about a report that meets the REVERSE_TRACKING test (312/1000000)
  [ep 192 step 225] no/no/clear -> NOMINAL/CONTINUE did nothing about a report that meets the REVERSE_TRACKING test (313/1000000)
  [ep 192 step 235] no/no/clear -> NOMINAL/CONTINUE did nothing about a report that meets the REVERSE_TRACKING test (314/1000000)
  [ep 192 step 245] no/no/clear -> NOMINAL/CONTINUE did nothing about a report that meets the REVERSE_TRACKING test (315/1000000)
  [ep 192 step 255] no/no/clear -> NOMINAL/CONTINUE did nothing about a report that meets the REVERSE_TRACKING test (316/1000000)
  [ep 195 step 135] no/no/clear -> NOMINAL/CONTINUE did nothing about a report that meets the REVERSE_TRACKING test (317/1000000)
  [ep 195 step 145] no/no/clear -> NOMINAL/CONTINUE did nothing about a report that meets the REVERSE_TRACKING test (318/1000000)
  [ep 195 step 155] no/no/clear -> NOMINAL/CONTINUE did nothing about a report that meets the REVERSE_TRACKING test (319/1000000)
  [ep 195 step 165] no/no/clear -> NOMINAL/CONTINUE did nothing about a report that meets the REVERSE_TRACKING test (320/1000000)
  [ep 195 step 175] no/no/clear -> NOMINAL/CONTINUE did nothing about a report that meets the REVERSE_TRACKING test (321/1000000)
  [ep 195 step 185] no/no/clear -> NOMINAL/CONTINUE did nothing about a report that meets the REVERSE_TRACKING test (322/1000000)
  [ep 195 step 195] no/no/clear -> NOMINAL/CONTINUE did nothing about a report that meets the REVERSE_TRACKING test (323/1000000)
  [ep 195 step 205] no/no/clear -> NOMINAL/CONTINUE did nothing about a report that meets the REVERSE_TRACKING test (324/1000000)
  [ep 195 step 215] no/no/clear -> NOMINAL/CONTINUE did nothing about a report that meets the REVERSE_TRACKING test (325/1000000)
  [ep 195 step 225] no/no/clear -> NOMINAL/CONTINUE did nothing about a report that meets the REVERSE_TRACKING test (326/1000000)
  [ep 195 step 235] no/no/clear -> NOMINAL/CONTINUE did nothing about a report that meets the REVERSE_TRACKING test (327/1000000)
  [ep 195 step 245] no/no/clear -> NOMINAL/CONTINUE did nothing about a report that meets the REVERSE_TRACKING test (328/1000000)

=== Totals ===
  3966 ticks: 3918 from the tree, 24 to the teacher (99% hit rate); rules +7 new, 16 reinforced, 1 refined, 0 replaced, 0 contradicted, 17 confirmation asks; outcomes 251 ok / 348 bad (378 unresolved, 0 orphaned), 0 retired
  saved to /home/kristian/github/input_dt/DRL-MPC-Private-Playground/experiments/2026-09-24/scripts/../data/L_luna_dist_nojudge_noex_r2_rt.json

  reached the goal in 192/200 episode(s) (47 of them by rightly calling a human)
  NOTE: not every episode reached the goal. Read that against a teacher-only baseline on the
        same seeds (--reset --no-learn --no-save, which leaves the tree empty so every tick
        escalates) before attributing it to the tree. A rising hit rate with falling success
        is the failure mode these two numbers are reported together to catch.
  hit rate 0% -> 100%  (expected to rise)
  model calls 12 -> 0  (expected not to rise)

PASS
